voter_id,candidate_id
26454ed2da0a28d452eb492b2a692cf308b1fd0335b9c3e963e566e9f7c7692a,7
5106eb6c4e2e17673268af5df73b9a07105c498a9a68bc9a02ba324d3b4ee2d4,1
ad635f244e5c09877aa0fc05fbf1fb8f9695a8f94378c0357a3db51a87972d5b,6
db44947282db37b1276ecacfabed89cf81e9021a1b750d4ea646c6289b94ce9b,17
bd276137a84a39af895cae1dc75b919d236a67c38bd286ed860f9f77624143e9,18
16457fb1c63ee2d63f1dd1044eb71150290954deeed1b8a5393f0af44fd0aeaf,7
cdecb66b238ec933a1b58ed226a462017ff64bc00182b0303efb2a3c52e9c2cf,1
8f5972ee24c71a3dde828b9ab1c66bdd676883d066d2a78c857bf3a41a189421,19
feb09f3eff7ae8393dfeb215186839675fb940bc95ca56359ea423b9e7ef7c20,20
082c3f5fecccf6904420ae474f4f28454de7642e4df3dd92809393486f40d936,10
041ee7d68782e25cf6e54312a28d3e984fdff59ae8aac00d661afddc1e296e18,2
dbc459ae30333fc1bd82f28b40d6961169a746faba3149e538904181c475e215,20
94518dc71a69479f51a3d00ff41aa16a4a1fc9d432bbe5e132c9c275fa4dd67a,17
1afb89eacbf750e6f4da5dddc8b0bb42b3fa0d306f7ad2a1c705b203c6c1ae99,10
bf231e15e8e4cb7e320ffb6215f823cacc20fd9446d28b4671987adaacff0b2e,8
c8c674a3d7fa166c6cbeace48768ad3ced09e7fad532b3e49470e34cf8c8b134,3
2832322ccca2acbf56b04a70bb3e612cf6705332f48061317c55a3eaeea599fa,7
e8dc0a3a874f553aae46233375b1e1939a897e2e14a7aa21efd630f2fc8e72d7,19
8ef9d2a590799fec0433417127e7fae1fa2693b6efbaa102df67e1c60551bf75,14
89d2906c2d326b023e0032fc3d5c51245b9a27e91f164cf65615ba2927a28172,15
15f1c8744c79efc9eb6c856b609d5f53327b553f6683820781df2f11515efb55,12
d45156b96d4c5957ab37d38dfb764549c2ee1d62e16277e61123324c4304f0e2,15
ff0d93b22927944712e969872d8f2922df9e61e7a0bf98d6371b2d05cbac016f,5
3f86c10ad9c5b26c57edfb629a5f098baf69637dc811c7bbacd0ec9a1dfaa57a,16
be7a16d1d89d69f8f81061e3d11b20c69972c862cda3299b1fb6cd7a82e0dd48,13
5b7c1dbb3a739e15173d3998a9ba325b420f606ed938dfdf4f8b3219187cb1ce,4
800318085d301ebaadbae30aa88dbfd96daa00f99190b33ebb9cec3fa744eb60,3
81a82096aedc3702502666f5a8378af89faf3470ece797251a2f2b87a212d457,10
105967301b3d25b53b4ca2661032795291fdea51bf081b1d6d23748e5159c610,15
a3dd99ab282792fc4b0c0161d30b40dc9a6d3e6d3039f0988b08b68555bf0bba,2
b16f455d2b440cc4c2267dff5f7c1009163a2c3163ce89f4ab7a45e3a5a0ab0d,3
1f5d80846bd238672b176e82a6b3159426073ccc8d6902f68ca586fc0202fee1,12
141a5d9ebd2476678421966a6480bb3f8ef0c1497b0d722efbb0735fd053f1e0,18
2ded4cca30500b424a3ae7976482407e6d0feafc3adc2be63cf209c37c711f39,9
a88833bc903017da073ffac26600dc3c0e9d8b1ee1b83249be0ae1d37c4ed496,10
897d8567680572c3cecfae4dfb323838a326a5a1f394281a6e2c0caf466c775d,15
158b798715d58b1267d081e4fbb2feb405d0bd7d91229ffc60fab32eefbfcef3,17
935ea562e2f6fb63dfe3a951958de2367a63ff9d9b94c1599119f8d9950fbae0,10
541d833b93bf8c784eac6c4f3ffe97a6c2dbf6ef8cd7de6c9e2fe5ae2308bec6,15
3ca66f77f3d01ef88654a7b3b4e792b806ec3c1fb114a9423b0fcdc7551d5291,13
bc065fb2144bc5f64cc88a95678e7afc18507d4bd93e5c8287df71bdb72de295,19
130dbe07523c37b4608c16621db81ebe36002391a940a01450c8a5927696dc50,17
1ec12e50ed278c0a000ec8e5b191fba18dfc2c8548104c3ab93f70f4f003e928,6
8356443f1e06efbec5a30f8a4c49390d0a8bf9a8f4c6d1fb4269b4e5c44e0060,12
7e4abf88a2cb453881660cb719270f10c28731ae179df8a45b7f7236aff26733,5
82ced3b062eefe61f1a681f9dde8832b26ab770a7f75c51b85d4e1af6c27858b,13
4df248b31f1a4b3997f7086cf1319c5422a6ba8c1575de8943689e1b7ead6c44,12
abab2b4b1335849cf09aea89d173d3b46d7f8853be1edfdb800c64baa45dfea9,17
12ed0c23ee49119ffc77d662d1fe7358250f3e02c7205519dce191cb59abfd59,2
e6b5eeb1e0bc7f709a60ee9128a4de64eb3f4b3d8916a89814db019af097ab0f,9
33fd44d4b34d75e925ff0f743d01bfc42777ff3fa182e3edf27d0eba7d2f791e,18
368c8625a89b5fed043938a4ede1ca3f1861e1e9356056a9d85932ccbe1b4a38,14
ffa019fe7cf856b1a66764016e3d50469f066d61eb47eb8e0a83fcb785c56a55,18
61431cdf47559ab58f6b9ff33eab97526a6b66cfd017a9ec4c8724f055508a94,19
c8d6ddabaf1d2e01cc05158d83d2a027ca34e2c43427a3b8212d5838345cff1e,8
26881a9468255c632d33833ed288b4d6e2a9a5c56772a923483ccb04085218ea,5
889bef8fd5de89124b0a233228614cd820a11ca539d3922c4ce17639448c4498,16
5da7f1f5417bc5acc7d95b9d39ca55e669333936c0808b47140b754f385c50b0,1
676d6cbce9999b40b8cf7fd618ae5b126cfb9b7923c90963c9d9cc772d4e86ac,20
831ef3b4862dc48dd42b2ede1f63c54b36ff2aba1a67980318cdcb82326d2ca5,20
625749f1e0a9426a4d1090a78f6be8c33398de303304409598f49a9d9c240cb8,11
d7dae41b153b5795450616b8ee9b93a497e8300f36823076494e18c1bd180e89,19
2c6074221420d69df86b10b3370fce92c1b9bdbd1c9359baf14c166a76959041,19
4b3b5112fc7a046da5d9adf72e428f90d9d957894c9d053178dbed13766fbc16,14
f3b87828dc5ee28ca52093759c4686a738245453924a0cdc37dfd9b3e9a01784,9
27d8e235a3ad16907b932e53bb601b3054d4831812ec41bc111d3181e0214499,5
c2344d781fb88e67deff9f11cc7557bcb684cc0e1fe3de2be90b6fe102a62208,18
a377bc1478bf35e52ee6a6abc48a77afe5bc7e410c03cae85f9694f903437c3f,3
054aafae454685c908baf77a50fd8829d22d61b01d67597d191405d76981a385,10
e36501879ff3f6a056eb2fc87a80013631260d158e86312009a7953e5f4043f9,2
86c0afcd93a40db7253429ab3be2f4475b0e82694a7580b345928f182da20c65,13
bb59863016ed9f3d9a66fef7cd74f82a8975cacdad916fc953620bea956932bf,9
440c5d0fb85f18a5b5574f40cbdd668099ccf812df98c9f81b95b6c2f39699ab,13
eed0901349eb87ddba7e343ed56dab772af27069554eeec9508ce9394f1b65d6,2
d48724595a6c26a28db40f6393e9beecfcb727e79b7eb9482b8e5f002e6ca428,16
576026915baa8a8f93c08efb39b8940b292d5ef05b505de9f82d753d0fbf7509,18
30846754b9b871d77c6297aa595905199adf307f043986e8d66ab7b0e7fd3a8c,13
565225ded902b732e0ef1cd3a72b0dd66cffa8e61b4deef3c70c9880828da3d0,16
bfd291f95eeaed13597bcf7f63dacef63a150c1bcc3473fd9116d30f7b502152,10
5a5f012b9e1a9022f369cd54c3ab7b3d804e62295a7074dfbe7744c19b4769ed,3
9b8e93aff8c3384483ba818955daf23b11aaceccf5cd77f6bbc9329428dd7453,16
83bbbdbcba53702282caa15a4d26e4a9c5b641a4c32410d938dbfd2b40cf8ed2,7
4304624953e895a6f6ad20306673cc9ee3948649b5327d5627d2fcab6e0bf558,12
f689264734dddc9b1e056e8844f7569f5d81bb78130baf81d796d1a499718b9e,11
c12990bf6812d924214c4677e1bbc58cf01e5b1e011b1f8e99d668de1330e10b,18
55e4df86b555ad73a7d0cdd93ddabcb40bf9e42dbb97568e51410fc1de9ca3d3,16
0733d3bbe5f7faaca067191d53ce449eef557fd126b50a561d86d7a3985fd141,5
6192a1d1fd495702ef50a64c952f7c2d800a301d9c4e1a0a49bcb8bafee1037f,1
c00ae69469255647ef8fb1daa0f0a058e6ee0181b1d74217b0c478d65cf8b10e,19
a065d87af13320634f4c1c1ee5da55a9e95ca0b8d6c3c6f438018a67f78384d8,12
67f2a0e22f3fccc8a8bf671c1a1e1fd20f39616c8bbcb7dbde761a7f00ae2293,19
d212753131ea82ea10318cab2a26c3e4a87fbb528b08b64e50e953ecac837973,8
b4278062a1cdcc6f0ba6c22136df7a7497890b793eb2eee8df048feea9e6e7fd,11
8f074fd912738de0045c23c6ce4d7e34253de4d6b56abe8499c44f5f61f050ca,4
4d990a169d8480cd1fce1706591bc2065e2305169b8f3b844edc85909cfcc2d2,16
3b7bd10ea2fc01177cebeb52557993a6ff8efd6e9dd0e3ab5420433b6d678c2c,19
243ca14b5ca03db355d88d453fdde7d63ea8d789e691dfb347f9c612395ae3c7,10
f121dea445b6b4eb4ac1ca047f65846e5109c0721635c99a51c65e04d32b7d73,3
52574a189ad50180c202390e9ddd548d0671a4a3f71f47ee81507bed97e6b4bd,16
d59da951776c08c454761c978860ad0901bdee3ba54ee9c44f4f5e5279a26b85,2
ea119e4ed62ab277eebb8467d6fd4bff8ec5ca3acc2ac6b043b163155d980fb5,3
9e7147c41b8c40f83c9e60fb909fee53dd0f3143d8a0cc6af74b796b92d37de0,5
ef08866718c83a901e9b4c21a77a26d502475351e46d33e1a74bbe107fc9e6ae,11
bb49722bad37c70b98598709cec1ed971aed9fadc21c9aa41ff5ff753a6ff8c8,9
6054e5529152ff0b479455f0faf12ef54ed085d46cfa4299ac0b0e7de88c0da9,14
b31466f7a194ac74c6afac493ffc6d867f48318179ee2c0a99339685fae60777,18
bffaf201a0b24077e81045c04693cd3e3ac4f39bb77c4ebaf348f8ebb728db57,4
6bd6fb4b1fb78abe0fffecec6905606026a19c3bef2725d4954eba9336767c0d,9
d03fabfe83105556fe3fe4d0e5fc148714c5e5aa0e343aa646cc99e9688c506a,2
6f93e21110682438eca0e77f4f3b71b3cf0eedf1e1155218672601d6ffb6fdb5,12
3de435f6da961ad217390ff150292d64ba3017393ef2dddaa91c00ff974617ca,2
1809fff60a5e95647d35da22a690f809d326a85b8dbef98327d325d217c36df2,15
7beb921598ede119b446adbc2cf2e9e9297c66ef242246411d48836bf0ed627a,3
9915ec12b1af7642b642a225d72480155efa1a9704248ffa5f4c75e687ee73ae,18
9aa251c1cfe95394412e74ca28cdf66908b44074d98173afb9112e28099bf14f,12
2023c9e0d2d35e3f07d0a60d25048ed1dcd87af3954333005f5378985429fba5,8
445657e9bd408f5858bbef6b04876aeef7808d81268354ef6168f21bd0487d49,6
83ee8cf065fd9189e620ae44ba729b941f892b52f66bf9789be902bb1cb6b983,16
4117db687c84878bb687fc1a2985949e58a251d48d5c6ea8a289713e213fee36,5
3ff7bbcd9049135bc51d497bdf8ceb04236e81dfbfc52850d7569811ed9a9911,2
90146c7669daaeabf3b3fe14994ccb17579c1bf97d096cdf4799a8e2d4d5665f,20
08140da29ac84ff6ad4b5ef63ab97d3326fabcdf22553e3ff4158f5398335929,2
0504af22921d28341ea1974e3bef358109fe6a9b1e6399f1dae9b2f979c6e250,10
be2cf569646c7b39adda95f15a2bf8d15eae4ac29bf68ab0e2dec5778e3fcf44,20
b3c7a646b258615ed45832dbdb0af095f73ea267a94ba14ffdc16569aaadc328,4
06172ec5b138aa1dc2659432d97786c0344ab056d6f76da9af7e7c8d3c652844,8
48906f523c52448f9ef59a50a1d241e9983328e7426b9215531a4b5d6f1abeba,19
332a434144e1d507c2eee3ffe39ffcdbb6f85609fc3a521a20d5e944e8306361,1
86822d6c0ccf61f9eca2e19802ca04bc341c672a6acc18be5f573a4306e9504a,3
150918e0aa2bd3dad2057139dbd13c1c61daab7d21891e753aaae4e4a9639e55,5
706d690f818d1cc9602ed91f2a56d98fcc001f49ee67a36847ce9ed6a6603c75,6
5a8293663b02f2f71cafa80ddb32c9047914a603f6c0d05a95dbebd372f527f1,18
9d0d19bf298cb4238ef2cb56e0ba8839e6fc27c6ce1ac0fd02991628be4d8f27,10
877b907ca8db8f5bf89b943df984758648b872500e7bba9f775d1591e397519b,18
015a0900331d2e09acba05f66ad5282382ca3ce83e19deb9fb0755d58a8d3adf,1
30e318b4b1156d2f63dc82151d9f043c3b72a79395368067cb347c61c57e161f,20
f9a6e29abc8ea280f946f54213a6b5d294fc2b525cb8c638230094b34d35475f,16
67e61fdf6d3d7904a1cd3c1e65d95880dd88ad138380921760fdd77f30669434,10
adcd70a0153a595cc8f0c20e94604a4d67de9e9f587575e44ba225daaefa742e,8
1c9baee7103267cf1964f9347e4688d55680c9811f4b5663e767ed4c65629317,4
31e200ff8b0d74bfe16f86b5fa46dbc23632714dc2ccf9e48e633910f04e4a10,16
f1183895b1b497956b586cc0c431e1bf61f3767359c7cb71f6e1e894a63db652,4
3b90d810b668edb77ca2ab809175b87eb5f5fb71746651db7c59723d55a277b5,2
b4b8564c3345b8ac5c322832ad1d298b8ca82fa04a6b6cd07dfafaff6c62f817,14
e5c4602e8c5d263b28a9cdfb1381bd27d8c7b4f7bd31448a52e9a238ffae060b,18
956ddf71ff01e0ddf63e8d499c44d0144ff4e14ce02b2fc7a775716210f246b1,5
18986677e656c8ad907b3b38404d197a0ca03874e3951c94df66c6796e2f3a35,12
50834d6f8ab419884628c0b6fd668338ee55d2331769d576f4cb3d205ea3dadd,10
e3f345fd7110faba9b92e90404c0bd7467f3ad9fe03fb1a2c9e25d825d5fc1dc,13
8d997256d1cb50f1c1abd51f4c0a64af01b2113c350393a8e6b4e4fc85c55f9a,20
6befe0935292e39490c20868d89f0924922d420f7780a0336e949672e1d7d2ff,4
fddcffe8c6192816b54f20d71405e048e89218d1dc31d538d19577b73486b2cf,14
6cc1236de19d1d5f39a831b33dab8ee349b96ad405e01ae99220bc152097d783,17
7c4473e0d68754526eb85e8c77a2e896319d1966e7b978e13bed6c285d43498e,8
3ed9920eafedc2bfee442fef86d84a3acc8ea3351d2ef5a18d2be7e7f38cf3c0,1
93dcd3c5ec5b66e03990ad76ffee6bdbcaa29ec0b199858bebc970ed1c195a1c,2
e7681322b4ca603141699b4cca33fa9efe50dc066df37efed3b19c2b635600fd,20
b8c32b2414fe9d46cac41347c9ac2d55b8eb11c8e7987d2c03f7f8bb8e3dad11,7
6fcaf51c8e35903c7a1387bbc53f45df194d56b34f42becee685a4ddc3980491,17
b20d9f13acf692985ca619bffbd647186e163197e0958d933f13f4cba90f0052,7
d6c0f12170506bd5e0b23e88f42cab4fcd28ded9e01988a7a0d15a4bc29305cf,13
0c91ce64711b6504686b8afbde3e17c3770be7a6325640217d8a6a17ec6b646a,16
b9d7fc7fad9e89affc1c3a40779d5662f584f4e56529e6c50c998057b8aec477,17
71089c10cdd8811d4b45e87cd9a1b8f34d4a0a4581230ffba1c3ed7dd71c7941,7
777a61ab27d3295094a31a6214d6c68d82e7a8cefcec2101aa52753c50615347,8
e19cef27f915c2bf6e8d448556ab1c0901690a5cef972431436d528813989388,1
00d9fce7d9ba551772fca12cd63833ecdabbd16de7ed60365a10f006f52c2c95,16
d423532630f9d6290201670bcefaea9789a28bf393a5fbfd0cdef8b85e1f9210,7
0cd39c7af9a15471d1632368cfd124e827b295ff455c601bb0e9f04aa719c632,15
33e0f7f21a19ef6a2890e5b0f97f34a07520eeb5c4fc90f27d02bd162e86b873,13
870ac47467964d4d599b5011d1f762f1eea0b15c914e3d4885ff595df8e406ca,6
bc4d6c8fce70367ede59f0757e3b8198d54361910a3cbfe0bf4a8039ccf865f3,7
7487a597c585e21b59af0ea8cac3446e981b4731ba0fe87619cc96f987bcfa93,4
804e72e2dfd567cbc036c5b7649695ac3c67b21c90a19a1ded517002cc4a889f,19
5f01e495193b136ce478b7f109235306fc2a098ae3bf72f655f0d02f5657a0a6,16
2b095d36bd7dfe75bfad65fcadc6fbae7bd7dd9900b16304e1960703b7d6ab2a,9
80e5bc744a6882fc1d10c0fb3ef7f3029892637f5f05da511b4ca1f4455acf97,19
4b5cdfc6f0bfd67ecb693f146a621812f2cc599c1920208f669a2ce3eff78567,16
0041c58ca1f0d29365969a45a5646015666eca7c43cdd2c27e55e1e020cba5d7,18
0e5eb937c1b1c8a2ac3eab6b98b4c7cd7210535c9007367a405efea1ecba843a,10
961cb67bed35cc8dd7271cf2b80928eadb46bd7095edf7ae229518089bd1bb4a,4
aac078361ef223c458f8bebbe604c911094f1d95fa2a20e36a5f10e3cff1922d,7
b782fd69e2aa62be4df464cb640a80582a30fb0ed1617ba4fc646c392e62fdbd,2
528cdada9e8b54615c37cb04187d73191b7aa02b387fd81adbb4dc49fec79672,19
ab4b2004e93473466448ab9b209e7dfe89b0a520c9d1bb20ff2851c86df93b83,20
d614209e2b710c98026fa6cd20912540a6c8f798e3b72bb74dd8f507d401f923,14
bd7f057115cca1b58125ca5d7ed8963d5a8fa1ba5b963fbde8a8557a31bfbc69,11
59d872b853204b2ae97adc2ef51f7482d9e316da3f762d0d3b2a20a1255d928b,15
1f728569b8b7ec1877bc2dc05fec3dae3b808ddd27eb0f294ddfd7633fbf99bf,3
9cb2f63fc84eb3b739a7a5cdbc8519aefd2be46771b7d405baa99d80863d243f,12
5b244b32f1ce1d1c63c9d11abec21d284470f6c27acc04d44c4e96835f53cddb,15
ddabb2f23827bc08cd6cd7c56a7e2601e0cc17d380c8dce383259d33ffbbe921,7
447b9ef699ecbdde1b0f08bdcef26d95d19bece2491ebcb12b69b9aa2afebd61,19
a3ccef8adf109801ee69da53f70a0e021064ba2bc7b6019de8aadf0cb7b56a8d,9
34bda8469a24fde82d767c2476ff72ddf7c53a74abd1a1dbffdaa7f264243b91,15
e02df5c7416bbf8cc7a5cc1f3e15e980d9609ee45dfc99d6f120d828c57960b4,20
4c0b3c9a0d5713b7695b75a618042dd7d544ad91d05c8678a51ec2ed353ac7bc,18
d7facbc4aa7e094fbe432c0d65e93f8ea8c1e04784452766bdc477326e3441ad,8
c02f734ac692f11399a8a8b2c90e1053db1a05e969ce6eb81db4a9735100a53e,4
01f780f3c142af0504f1a6d94d2dd01460f17eebacbaeb3553c7ad2dd26fcbc0,12
57db2734592291132533c0ef3d6b9de5b01738d5a088e3aeacc0a6f372cc0464,20
7ae3de3078ee67f36eac695c12cb397d858aa0e7ebdb3105d0b4f63c3571a372,7
c668ba1bd8fd89605886ec97a387f8883e23dc8f7307e4e20ae8b4a8380c2564,10
9b4572c1358af12eae93558274f9398e40d9263460898fc5f2abc27603bed635,5
9785cfa760c9d22983fd925e21928dda26abafc6e90ecaf8571ca616c3cdda10,15
dc225604386eea15a29bd8169eeb3b619298abee5774bcde9348aeb471facee7,2
9305ccfa57951cbffc06f5a92cd7bc0b25ee3a4e5856788e2b13c03ce20d6821,4
7721c7d619d210939e1e95027e3a2fc7573e4f98177767942ec75337f1c67e86,14
e138a25a25fcbf6ee11d55be9f05c0229df2f313e89efd33d97a31c584f114cd,2
31336502bf42f0b847390073255b0d30551a862511a35945a467d004f456ca02,18
804c8275f8fc95aa4c3cd885935e97ef5c9a3731557a409516f227e9b4cccbb6,10
8e45fe3e9bb55af035c9ad8a0e881944e2d8270cb320a52b6aa46c9e7bc32303,12
20a32ea81106d8b45bcf0a36613e20c35c897f692fcb60cf05c27db50b3a024a,1
099e585016b04d238309afba235713ffe081f26e87550de14f4ef83796e89347,5
a5313f2fea4e51a002c6e6a448f74a9f3e7baaf831da5f6275b1207e4b037fa0,4
57436f48d2e58c4db312e9dc3788e0bc0e87fc4dca5a5344af2abe130d382153,2
5d67320a47ca3544c5346e7d4c083d8e0ad4b8565c5177083f2b5ae428687ae0,17
24b12b423e2ccbd2c7971e980b3b543c641e6cc644ceb1b02cbe1c1dc6a61615,2
58390ab23a4cb3fffd599b98c0d33782ef586ebbcc39fcde9021d9de6cec4642,11
eef52d9169d79fab762d0f4aedc21f8d8135b2729038119da4b0a5bfaf4d6a43,9
86cea43cb0eb41aee269073f6fecdece6a670e92c4c40630d0b5411970ddbec4,5
ef5c69d5464836c4aa3033e30157c22b9ee0f737aae348cccd18aaf66679f491,12
b3e6bec998955bcb2f3c7b24af25ce90fbb16dc650e2517f7a9b74a45d871717,10
a0582a2fb2e3661c1fbc7a69a55e454aede3f31755b18bee80523eeb26074467,13
79407a2bd83b3eabc549d2ae65eb0a149210002375e4ac116eedb8fe40f815f2,19
de7f1a4c2a1c056311a3723edfba72ed9d54c0973f4f3f352d643b0fb8f7a7e1,2
016076ce9937feee07226631ef8fb4475b62af65e198d729e02271cf8e726d9f,18
4d49d709e9167138ba13301195a2a195ed41f7b5c523ba233df43338301dfe7f,17
bd2070429b5eba2d2802a6499de9ef4dee021dff6d1167ae915ff5493d7b2f45,17
5dd86cb59bb372bd5111f9c982c15757c4c2df20ae599175a7d155f228f431dd,6
64b62e5afaa67fcdf6712a19bfebc1f2048e07ee4ec6821db411ba198a004f59,19
02f242601d94923e77c003bb557e3ccb78c717df569fd5ae43dbb05204071e22,5
a015ad511f9fde8e0acc3c53f4728938aa7b9dafaa127c417551cead5da38191,6
a88e033b2eb2f3f83cd59d69b7531e37786e0dc4992ba2d44abd1deeafe2ed95,13
b73516df6c8c2b31b62c0e1c600578c87c0a0bcd6fdad502620d4ca905769df4,18
292fbde54af23367c6750b98a0f5950dda412c1972d14bf4522ceeea263e8291,7
50f4376e129952ade013ca2d67c3ae05bef182732bd93360fd6ca6eaa5040bf0,17
3feab4d39ea6e7a2ee8b09b4b0a8a2d78e04ab9b00870f53f26b6d7ad0840531,10
7fea5792d5709be2c7a58b900e48b873af8eaaa31f6ec139efa4455217e9b313,16
7e04b61e534d77ed58c4dd50a2c3d9988fab6f4dc8e63c071d6d6bf2269bea5d,2
0145d0bba173c342eeb737df955674042b3c4171719a480c43a3742379b5f9d6,20
4d7099d2daad44fdffeb85e6adc80352140432ea5149f7f14b0422a847b98ff9,8
33b831dab048e7fce31fda6b8d7c99bafb1c1281397fe480d3f8971468135115,1
42947d40829cc109dfd41d3e052e11c296554f0345012304fd8084dbc298a30f,3
86e416972f3ead4ac795c8e678b7dff58a7b8e50c9e2e49d5f04fa9d1d0da4d5,18
e1a23f39fc00cd56d207d5a26d8fa26df1562982dc330beef61fcdc61c80fb23,10
000e62a1ac88488ab0b2d64ea06636a0baed3cd2347a95512b82d9a0a18a8b24,10
2f8c6f0cc72c9a759aeeefb4822149a9b0e3112d998b8668ba5a9288528ab2db,8
d8217c27f1b72adc239f12c1815285595b7ffdf0b94eaeba2de454ed658db8a1,5
55586b48ddb0c45e37df4904ea03b4c7651b36a2a68197058d628baa9ada7248,9
aaf624b6de842617185f16f25b5c11445c5938290cd18309c86842d981b62784,7
f8151cc314798423da5a930e956132327c629a452c5ab77b8a9e7869369e7652,5
16e2329988b458f701abcc545cf6e0542764db843f1de4b10b47d831cd9de299,6
34fe8a9f936919d6f832bca3b8bded0c6387d73057226b9607d851d812ee7090,15
48d2cdabfe804582eee11ed69579688d1acb2004074200eba0df2357baa87afa,16
1255593ea13bbc0922bb37aa94de4089153ce240a754bb08a4ca6bdf8a65b84e,19
f87fe826e3f729053d09d3146eb227dca2e78ae3aac0a237fd62f02808779eeb,10
a461363b7e40fe23a9ff2c69064bd4e32aa25876840e6eb950f23141de9e12ea,16
4b50e2f686455d0d8a3e97b12dd150fa004853f2850fab99e6551fb200f878c5,8
76c0f2bfa1801d03c1db2281aa0a4d47016c1895969b93c06d80b860a51af818,13
af4b7b64fef0d9a75bde867cfdb95ed794ba17ad63de71b82d66827741fc1ec1,2
a51de528225f08ccd3a4d14ef2491992906aed0377a56b8626c5bb79d5b6f46c,13
4b30ac3d09ceb23dace42367aab1b87ba751533903454c24e8ef5febebdee93b,15
b05d1112d6efae71451b005c4c470fa8eec3a057aa1692463790216ba25b45d9,1
ef8c8a0e03a452883c7ac075cdc30f6afb898bdd687284f930f95647aef18cac,10
e99e30c96905e8a2116b07b20d574ed6a35b991801b59fbe41272ddd1da2acf0,3
c6fa41c939f02f70414d21dfdbd518130f85fe453d109779c4258658bad9c64c,14
38006bec63a4f6cef359733ef0531df9c58355cdb9f452e7ea831ee92330fca8,8
9cf1a67035d27937b8676f255e88e7b0071e3a3813cf3820ea9b4728adbdaf54,2
7010505247b2ed017b237b9a4dc97a78ffc448ac491ac32e066d81895e39257c,17
ecedc99748ff6360836549e50964120380cda20071f6c7ba9e7010d39fec4178,12
eb37415b443396a2328006dc8f6aed44a0468142e55c4bfe656a53b0a122ed46,4
b7a59da2b6b29a1c027cf9b589fb3f7b0cdfde54e651ea8d69710ca46f8b47e6,1
5539b44b901d638b3f73bad4eebcb6578dcb69399972f55152a38568c882285a,1
b27126f0ce2f16e9c574ea1cc42197c4a7bda0d4b1127e9fb6d7ab07d37ed16a,13
ae19c309e9a3fccb2ab1bc4110378c66bff02f42b572e0d4217eadc991d41012,2
7eb8fe2073d63119211d9b11d1f4741d0bff1acd4195c2ee56717496cb5871c4,11
f047bb9a1e48618a2cb154585fe7360ff648b2316fb51573cd1ebaf607836db7,12
d921c8c8a0ea860b526a1afd08c2b4d3933616a82b6ff9a6f3bd3e1acdd43cdf,10
cc01c1ec3646c6c2819debd52c9d71e0b8255b4e25740052d498b2fba91a2f6d,18
0533718df2a86ef26cf53bb714216695cc5215536243381954071b0a345d8473,8
f88e93ced304db6419e90aaffc23a56726aaf73b2b13db0bb87f0e203044bc1d,13
75f7fac61b115c2d8638bce2e3de3bb03965899b1cb7f2cc29af88d50a647302,18
a41db7bed085e5f4e916316339a371e03eac3a00ca4ebc2c9f88992c324ccbda,12
7fa89f9236f23952f50197855b12fb842617846b472182aa0b435fb5ed8fe402,12
27434b5c550e56d2b40e8ffeb53851e846425e628c3e1a63f809c48a1e116738,11
817a6b10168d931901af4965d449005f4708cb8e6477ca462ba5f6865d3c411e,6
8dcdde1905c3fb164d3820d6c6fdc879bf6790261b989b7896c6fb0fecf7758f,7
b3be521f13570fa89f6b361d7ec1293458654f09daf0fcfd3764d047179edd42,1
82351dc444b25cbb06233ec593cd8f7ea5dcedbd01ff716bad0e13bfd69d967a,20
c9224d0630032de50424c127e36f375890830181b5d55e063bb127b5648bb848,7
efa514b9d04ed4ae5b8d684ade1eb7ef9e6005902e46229eb676951778e3e769,2
8f78d3791def136bb5b8ccf2733eeec2b65719f187e0dd960224942fc54a5266,17
4e95ae80c61436329e318e6f8aca002ac9cee3fc8f89ee579e6cfc72a185116d,8
eec5e9d4b4757564bcd35c303e3bcebca2ba27faa005f6367bf02799e5264bf6,17
a94e59fe2876e4eeefd135bc7096698f00df8b79053ac829e2716222246593f6,4
a110ad29914c1bdfcbac8acadbcf40d104236e96e59fdd1f534cb7c5f48c97cc,17
286fe8d4cd240c4c0a69dbe7d49da5094b3fb35ed14350f4215d9562f22713a1,18
efc6a6372a24872b072a45b8a281d346a8dbc812900538eecfd5bd1e17fd5861,18
431ffc89fe619b3701dd3885558d2bc1e158be5a81c58efde68194a29c9da953,14
931a9fb3a06e5297ffcfb570be4dd2ef5d6a6a0215c0f864f93bda857ee35c86,6
965f5d26195edd4f1ac01638d66b312a22645eed0220785bb84292b262e6d113,12
63c0aec1a8f7d8b491dba5393396ea4eec2f5bdd00d9e1b26209638d62d9730a,6
957b97f3f271327a6e44e2d121b25851adf87c7392629755212061a68f8db80d,10
840a237590a1fefdbbb751d636f9a3f719a82d7a43bae2775608b2b76c7c028a,19
9e80bae5dddc60762154cabeab0db3024f19923302041d1dcca9e50d7a9bcfa0,14
0ad0f9e2ae58aea7f070394d8d16555eb3ea50bec1bd09aabd0e680dc146c9a3,20
e65505663dc48ffb49dd58d68b46c57bb062a7b1570c5dfab191a869282e3ef3,10
1f9fea1a60167f929d0bbf29fa72a4e7dd84d02a20c2c0155a916045f55cb6e5,8
afa9d0c73d605bc10d3a1b9cec2a0043a9c6c2915fe9668fc39c3c085803dcec,5
bbda8fbec863e40f9f38d31db5b890fa89ffc40ed61bae46ca08c0132399cd36,18
dbf12a5087589cba18dbec669c32c0b4c1c57461c6859abe791fb49a44a41c7e,1
26741cb5750fc54a2ad5c0c3a132737409059da1b6565c7f5db4ea14f001814c,19
dbe035dd27c757babb6b216966c972de8eb52f7cb5a21c16cff8db7f9ca543a5,5
6cbf058cd89057aa37d1266233f3d6fbd237b16ada266ebd665ac4893a021c6f,14
82b2050c02123c069b070995e3eb7359e879182a868733ee2512f922e197bc11,12
51367afacfa021363d7dcd8aaff7e529ead18af5e87d1262b92e2524efb23516,7
927eb5f1cb039751e6c2dd3fbafb6d9d8469d551e60820899798fe3dea070fe6,1
f97dc9f3dc053f39ee1f783fe40bacc9db021db3618c03cfa072be27be786822,18
98464478109cb85875f7a2e4cd31f35216eed783382372812ad45edec9743c37,13
68808d9d3384599282e473b0f605bb26d9abb6876fb61af22e052b0117427d98,1
ee30f725b31c2c8fc56bf112913c7aced23ab8220dc28ff1127b127ec4982915,9
f6022c3047271c0d067efd8715943315b78c5ac68f32d065e334d9deda6d251d,1
f3d9ffe4e660ecd3e996088864554b8649ad1d6476d3c4256cd8352436f9a057,10
204bc9e230b93a20c5807d2efcb908e30ce49f29157f490454fae0ed38512276,17
780f55bea8500071973c25fd68e6da053f6b2dbcb34373ae7bad4469571e2435,3
e1394a245b11562851a920a6b714e715e9ee3dcdaf32b35322373518b8f5e2b9,4
d3eb20d400f115efa14e42def3a7218cf1d2236d91257b5d6d6a9876d85fe6b0,1
834aa0e9d2fc9df845d004b62b7b729c9b2b241bc80154faaed8ed6330b959bb,14
9f9dcd093bdc1c4dd5e0cd650500b18e945dab81e9ca0e794e72881abb39153e,7
0e95e47855419d2265482528aefca634ebe004e14976462b2b079eeff2e6a9be,6
a5f436665814e6c2ae7601222c570f9ceb4b88092b0f88a424350289e462b70c,16
d426d693774bd4d05c0fc4c3b98981109eb58e5a204353bc30f7f4c12f0e0e6d,9
407024b909b0e986ed23ce32d4b8ca6e78a99a5ee86a48c13b71831e4333b805,8
31946a0cd8ab97fe1c6dacc1f5861f8f2c35ff6f0d1e7494998f1ef7a8aa30d6,15
36f5096b461c8996d1111163d943bd587f4afbc1f41e21bfbd62f0bd993c6c80,11
6230db71aacca3fbd0c6a770ff13f54b1a5f1d687c6fd9da9adccc2577f085a1,2
93ff16b8faa38ae30b604e86b7022a0a041b3e90a6b021624aa4212f09598ab9,17
a5ada6c4f36a8fb4444d02959461ae190453321da774c8b289f68ed37539f164,9
19b0c3cea5cbde8da35da98e7cc4de9619c95ee90bff36f32e0d22304df6c124,2
8902e413c0f38468c935fe8409f24db3f17d08f99197aa7d41ac7e0b568c00af,4
87a0830aa1fcec622da832179216966a95cbd0e09b9648a23882db425fa146e2,18
c2cd32e24e4054a4778dcc731b8aa7e8fc48ebea731ccf2cd4497cfb9d5bd52b,18
f95c6ff5cf8b57b2b7bbc773c73f8133c147f19ed28b45db6dc711c8ab6ed689,9
786d3030bad9e28122365ff5b6cccd0b680ac44c601f27cd6363dce15a1177c4,2
17451871f6513328463075e3151e8c72420fefd00f099825cb6d87edd73b7937,15
b7234bfce02cf3d5e2495253aa5cd6c7e03354791c9ad01b9a74fa17507a2bcc,8
8891c99d4d0c6078b7a5f009d42234895e7f581aa7d7a41da62f506e25173716,1
44e34acf2c07059200f0344de037f09519c6bc85ea5b6d7917f4fe4fd746c817,8
fdbab614576a8e50b3848d4e03a4e1fc40cd5ec229eb2d42afa1c0d0134a2684,19
7aec80d5018d603b6d23460ef3d28b12606692a64197765ceb21f80c08b6e9dc,16
6da3c1f3406fff61b24644f96435ba05e8511a65bbd5a8ac102bbe5d9ea53b1a,4
b623d8d785b3a34bb3312a91374c4133898cb6645adfab422416de8a04ee41a6,8
cb5548c3d58896fef3bde738d9339735d86dc40205ba8e405e5c78470fdc3091,1
7f2878350789dc5c424b3c41ecf91e31fe0e55ccd49599750af325d27cd3d2ef,12
e2ecff8495542456073b807809daf0553db383e5ac703eb7997b170919dde510,5
597fa6a64a8e0185e92dff037f0fe4bf176825d9639d16241296edf51924c234,19
e6c742faa9165a9c1b4aec7c49216e150beed74daa36d19602d287e139f05bce,19
43466b9ab8ca60ac2c5804936d7311ca38eccc08705bb84dccbfb54e2abdce96,7
414098f318a877477f6e94e7e65ee671e287ebc9c63e5e1c63bd958d4599c411,20
224489a22416273af6b2fec1e8def86890c8a890c25ab2a2aa930be83af5c41a,10
184083c3f599aa8893e3653e8c3cc7a72752e63ec0e9b5ababa5f5c0a0a58a44,14
dfb932c260dfa5bd094e48dee3dd02609f6e73ec816d5a66cff98457a51b58f4,1
1e86e971396bee9da1861b13b4fa1a64be09311127ad53e7ce9efa6b704a40ae,18
977466ee381142a7e029290d19d4d8fc35600f0e861d245e2c20b9d9c8e98009,9
ed1a4e6c66ef8fc72f0c65d4b7dc50aaf48650da874d639303c0c89afdea1676,14
958bf9e8dbb4b9639a1a0c35f7a913da1aab307385556e9e9c2c56ccc364f601,11
fd4c9b3a6b3acec6376e7aa388882bdbbb4610e6b095702d05d9b272c28c41ce,6
97697dfbad769399256349e4ec7b633310aa52a35fb33393f5c056329afb0e59,12
09e593a4ad4726e651f1d21cec9d1587775adcdec44b7b9415c97c37f90556e3,11
f6bfaa8621f343d0a277828e4a60b8940d17317794372f5463d77891d6d953bd,14
4abbfbae6420ca24fb44f618c39b7d73bec51cda4a15d358997c476d59e37f61,8
46fcc4fcfe4fd060612d70eebe3b7e25dc954743bb5a6dd3ed64f37150fe4a70,4
72b6566870dfa6f229ae0a79dd1752b58dc13d31e5a0789b2ff676bd3a6cf874,12
51de4a0353da8fb7a7e65df26962a2623d56f3f7a507fef365d1521e5707c60e,7
346e225de227ff6f3b9fc95c84e47e68d4d33aca4f9665a6b9013e130b253662,15
064f9fd742c6b68a3707feadead8c83c12559d15c25444dc680f5edc534970e6,7
d7298a7e789dee2313d300cbcc263092b878f4e784b846b643729f67c13a6140,9
a9870fa81efaf4f4c0f40c89e148e8751aec751ed1f4f385555a9d86851c4175,1
bdb3bfcdfcf0018df89372cf893e5588491d8c58b68d59a24a0aad6e2ca716d6,17
4d2310595ed6cc86f9efe1b7d56fe8e724610feaeb4a8e2582e50d707a39f4d7,12
b31587ec2b1cdb6376a8d0615c1f489f9f7b93e5ffa8e434f0cef5a93a5e1367,7
dc4538373910e162401ddd837502b6e43b9abeec461eb01ea96fcda8f872e100,20
18b8115152ffc7570906fcc8e6aac77d901e4b2128bba3d391fd86431de1cf11,6
2f4536226eade55ddb40385ab69f21dd28c03e2af46f4b0954d2a9186b40b99a,5
d98298d99ee338940431ebc5e7117a5a68fd0ef04d74fe15273f99f5ce4ea75c,13
bc53b17e207f60038e77f751926b798f139ce061808248172ca5b3ff07f7cfc8,5
9dbee3ac2089068de1c69fa59031285d2ad255c14256b9519b027b29b61e6551,16
178d5ae3aad7fd92c6f7f1e6312906671d68b2085355188b67b320e5f82ccf86,15
0e5c75760998e81633996980f8ec51df0f2f2ef5090c9f91d4756119312eb1be,12
fbdd49615355373237a0165a48085e16205de7f4fd75d72d8d7af9f4c4150f39,4
9752e33639e21e7e17c345903192bd37bff006ee27000fb09e81ade246128da1,1
ba9f7fd68409fce3fa421d93a30fee1b64c93e560830930862e84d529cbf1130,1
d19570b808da3f6f8e0dce037239f6c28a84ba180be96a8fc6467cb679e745a7,4
ea206f6b34b67241c5c5b5a6109b705ad2a579b60f13d6417f7f2bc789fd0911,17
5e8491275f5479c8f95fd4ef5d102def9f7ae0d424d4b171e775549930728109,17
3bd8c4d55afd237622311ee12cf7075acaea307dd1c655fb0f36562bad561b82,9
cd2d796725bd5794761b4f25b284f392e8843fe2eb71eed5765fd56487ea2c56,20
b2ea75cde3f9625c56bedbf87820a3dc991a4cbd751eec6b2f074c0bbb0b06f3,5
27609abb9d40fbade28e85594854a42b79895f5f00e2460366edc2d8324a61b6,3
d7613774e8c1172cd6ec10ac2ed081cf4fd1a33fe6f9b87d6776526e8bb31bcb,6
dce8d2a9d5667de421b5a25a2419a38dc25751e82745c6ef9055341088867d96,2
4247adb83d28de656362afd6091d1a4e5d80d20a370cf135621c537679ccf93a,14
5e9d107e47d033054ae1f1ac6f89f11a47de4a08ef2a7a39e505374c2d9cb538,20
0db798e4412164312effaafa86b93114990964e365dc013845cc64da12bd8e8b,16
248939ff4dea6be0af9908957ea52e603d2b93a02faa467b4455f40dbaef8079,5
a2127f9090f7ba2075e14e1ab7ecef518219227b6b36759dad6ede9f0668cb25,19
9bc013cf32a522cbe77b42a41b90a1519b8b48f8da0e643aee70e6940db4a307,9
de94b86bb419ef26f397d106a8d5eb2fb68cec802630dbbe157818ce5c2d0da1,7
1e4a275f928e88b25619c161597234d0eb43a65d70968c20e55c89bd5943fbea,6
800c263c8a6dc553fc6fcfb9132b13abfaa13a361621c65dac6b3c34a4b5539d,1
6f64eb5974b3208c09b1f4d68844880594bf4c02d8a4b6d31bef2072804f296a,12
21f6aca4321abf89275f8e2b147285830350d8661b4f80a789fb52e6e9f733d1,3
7e06219e9d64f4cb16e1aa08ea1b0ce8304b50f990e0425996f5e28c4707b3a7,16
8d30db22db622baf756c8b3cc60748708408fdb14e345654fa30f27c30c605fe,9
58ed5373d6d27cbdc3ff4a32a7acb3052d432392c76df2f91b589408caeef8f8,6
e95dfb812286142f5b1840b74e8ac4f28d62a995cfdf1f7f5c6b0b5d9091b885,15
39e0bd1f533691d26f3fc8b49276c4321c04bc864eeb9bb779d9bf1e25fd2329,15
aedb4ac5e12079e753c1993dfd502bea7ec3637270aaca6993b04c57ed162da3,14
1c15e6b0f0a647cea48da6777e35f97fbcf495df6adcbdbbff79af8a8898c4d1,11
91727d2e8c6055f8692fcdc150b2f7b12887d76321aed3b1542c21cf9b3a671d,4
4ca6fab12e1bdbf28c06da1565cab27dec61cc83adeb8552c471740a18981cfe,19
71d824690c2b80f18dea9d379c7a4b77eee9ebb10c701c6f4e34fb041681b629,11
66575100e64738057621b9310405c32a1077e976e19b8c9259d7bb0797e5bdd4,7
dd8fc84a18d9afcc2691138b324eeccb4a25d4a08633f824a86df1fb7e3ae42d,14
0fd06311ef020767e825b08cfc5b83aae7f6cbcd6581d14fa24336cf8cd87303,8
0be28a6f33f31f5c3d61781b30238b02d7ae0b3133095b5d65e0200b7a9dcf5c,8
0589f99040a1b6886e6ca47710466164d49eea436ba730513053012e9905051b,19
bbc193926fab6d521f29f2945b08237a178e893fad48040833477049a022ebc4,20
57daf5d76ec6c964499b4b9cb92d1b729ce9d9337aceb67edf4232014ab0d822,3
1482bf87bc273a3c4df40a5750208d5c0c74c255eabdbd2228f313d39555875a,20
5f4d1efe0f555c3a11d46d734025fb6d534663f3070ed33b64dddcdc677da193,13
46b3a260d43bc9ad8a5d6429e839b785fa0267d8b138fbf4162fd751d01bd5dd,18
0e73396b6b4ef6acc6abc205c8764cc3d2f3443170a39b4dc515b3ea08f9c071,15
c63d553724ebe4815fc9ce31549db8223a44cbe4af22755b2907a4b3050e2093,15
d3209fc2b6c2774d2e3d35e24809735e0e4fbf1e0a798a548ff11e265df1c32c,9
97fbf7a5ee9da137a001561c4b0a8c4f667484ce9f4aaf7a3b9495d826652adb,12
ddcea760b4cea221c8190ec8d3eb851e2fde261f00ba0b5b3e865d838618b550,12
1e7998f77c945e973523f2f979dac4f4efdbde9fe97a8838a1a967aaeacc1de2,18
317d05118fd036c3e03d2d5509a3a8faf8d36db07a784233151d5b09aba74be9,20
757886bf0e275837d55619f99dbd3fe9e9a7a6b3b21b9b0ef6f50f799fc5cd45,4
d214a7bf13925b5e3057c6adde557a65d6e0543cfcd3714312bcbf7097a17471,11
16867ac74ba88430d0e74c9e224b9eca85876c95dfa4a2602ef1eda7f9c65e4b,10
22cf84c1ae9a930e58bc2429620bd7c8e71246559fb3b83d059481e2463aeea4,19
33698048c1c1acb5a01f0a8741216009a0188d4d980f625f45a72154c43cf7cc,13
d06fba5bc1262ce670f3e8a60bcc2cea082b7f7b2eeb857438c9a4edf59ebfed,2
77f19e346902ced060983fc63df18158a10ddb8d6f338ae4fb5cb1a217a413ed,2
abb38599737fae1dda88051b861823e01eacb521fb5d9c7ba29147bdaa931999,1
5d832dbf5a8293b1447d481adbdd0d88c88dcca726c940dd9590ebd61dd4e5f2,2
9c5c7bc1adc9b04ab7c62f9918ce2a84f946094940a4947fc88dd2997b3b18c6,9
a32526116219d4ba505d8d2f5bf12dca816304f4345267998f8e3bceaa2cdb6a,14
c57f560d01f4c70718a98ce2a241117203a6c39ffb681d33999f57c6ae8a68e8,11
8b642dea29372f0b80ec44c36f2a9268c6ea4f20e7e2b9bef01ecde466bb0f36,16
16ddeb27027764eb66300ca83807ffbf04d7abe0f5395705455dea156f912739,14
9193fd64dd41e505353ca8b8da1fafaeed4792865d3379bcdbcf56aec4e7387d,19
50e3fcecafa24681e339a1892195d5f3fdc971f3d78e7e9012f24afc2b42a0d8,6
30ed7d067e6dcd98b8093f136f7d06b892e8f2abc72fb67e4e2dc674e24d94d0,18
2303cf304541e90a4f944ce43245204f2cf250e8dd9f3e9149f7dcb3e457e9f2,16
085a5ca0ca50065fafa7e398d47b09f4b5e0f8d194492d18977b5cec558fda19,13
ff09b73a863e26fb5840dbd5f30a8a03fb41cefba3aa4014a213ba192ea1e709,20
05e8e080cdbeab0886072498d87df0ced314f9bc19caf6222a54d2a02f02addb,19
ed77c8b8c2646b550d58c947e478c40d354430bae545ab8442dd470b8a399a39,17
84e476588714cf53b3bac74ce7b293752aa9727e5987277011bd2d842f4029ff,17
5dc67044b466599fa24081891bf31ddd6a4cf3d1e035b66d66fb3e3b4c5a4b3a,17
7d0f0871d7650fc06ddfe13869094c2c933566acf74fbc310cf831f789e6b6fd,12
4b62855019af0d944d8ec3e8dcd7c180ea46cbbffb8da15e0aaa5200374ca471,8
5f1eb9c28a0fd53be352c2672b1e2df1cc33d57de08fe2134c939f511a782803,19
d1a6791213186a77a743bc90f4ff6e8b12c2cedd863be3045eace5030b40864a,20
a842a7c49f69e2e95b92cadaee563fcb6e2c93a4550713aba31c181249c0f37e,12
f3703ae5cbac9fecc2604ed49c9f93baf45f62b635ec21ce3d51e2d5cc812eee,16
e2a14ae6f5b2e5582b078d2a88838456088502a787113bc29af03e1f5bce802f,7
0e7a0b2ce5a4d977d5aff9b5edae1b3d619cc91c08b3549cc5f1e71847e35716,8
71d594f3945eb15ed7ef213cc766a735b5c970b5fc7b42ed1853a544710d76cd,13
d929c6db77c4f1047a6457a00447f9ac0782072f083ae0ecd995e68f16b02be9,4
79d7d4fa4a03e4325729ec848a583db611426a470098d8d003081367d96b650b,4
cdf17091a11e3ce273b969cffbae84b9aa6c166be0a3ed660e79c8b58445e067,8
34438cb0abd0c1f0c61648ac43f639f8042d36c74b8b3d9aa082c4c93e97a570,12
5cd0467f2fae980201544904fc477277527dd5a281dee6fe254f397c3909faee,5
8d148eaa8d3f764258741152a5c9728397abf2c4139cb46649703b186f245b8c,17
e070706e0dd035fe9597b8b436552b11c7c84e7ee02f19f75de18542c2bf8367,11
54f018780ccb5a7dadee19d4a55c059fd2238650f59d79a3c2e179bbc3b3b8ef,20
f2e7917e538785275bb4c0126332db62a9dc5489c2892318c03b23c0d4f3aa8f,4
b8d03077fef003c9e4dc828c4444fbea794edcbc9a631e993650d33a31343d6e,19
22226954220bdc9f676be8f93e61f257dfd2fad80d7cebbc40ce39751ad1d0f3,8
d34ab5c297bd8011c567a233baffecb1d595f486342f5272bb5088753fe94439,15
61dd12db39372d7589087bcc09ba0ba2f144b04f369df98e816dbfaead37abf9,16
6ce195f24107253fd7e2870c650f55d9131a506a8612e3b7db3cddb77173cfcb,20
12c657c56737cb4793600d807ce925838208b65ea6b3de1220ed2faee16db49f,3
cdf1896fb543a53bc8c63b0de3276965d6139c8872e12a2f898841815e20f855,11
f3d0d326c70a04e57c365e57877e143b9abdff8449f74e823b98331a249415df,6
43812102951ba70ac3ddb933200093f300026d5e409a670a6d3aaaaec4f6c43e,17
85dce542af208151c98a4e9151534a0183d43ff761b4a9f35fbe8229218a807f,11
8f014d6aa350e4dcd650847f9a94fb941ca88f6a0e7c6f4e4f59cf82df3e8f19,6
367400636dd3f0e66827f6044447113fdc7853b206f8fa7757267a6d73659f0e,18
8b72b7bef31f5c02047bde0ffcc6404c87b29dec97d8bfb029dd99dc20aefaf5,8
0a30887821ab070442610a15d864607dc59cc57dfcb67072504e7b3c2e5216b2,7
376d0383846f74f3c0078e70ae142ebe60253aab22decccfb0db0d8a0a5a6c47,7
6eab9f2d1c1a9ade22ef2b8c3894f8b2b1b1a8ca069031dcca47e12337362d54,10
a05442036077f144e8e93d4539acb0deca76c579ff3b9ff7b0318bfe152a8fa8,3
56e82a1d94b377aaec87b8a5d7167557980cccf2d063fea997e1eac4c4ed2643,7
c3df45533376d9ed6ab734e4085e11f4eaa99229019016b5023548c8bbedcc7b,7
cb7f4dc48ff41d7c783f84872d4ab1dc54e0d866160c34a7c3350f3f3e2f273c,20
e58a86a3ec4aa92d286f25ae2d1e00ff69567058fc903ad59572e465c4278ef2,6
e2c6e57627b0fe6f014c5cce8c6889fe64bc1a0bcfd121d6cab2b4fc31afe5a0,2
cc4d0e0cd9480121e70f53b954dae00c5dffd45e278a74307e5d4ea97c379d30,18
4cbd94940aacd1a05ae66da648f2f24fcd1972afad56e259d6fec1f05da56367,14
17665d9e1862e2bbcf688134037b4cab3e9b684e401873c8cef49e4430d23284,13
e3e81c74545266f1cfed0b5a0104753488d312485c409cc8d73d785b7651fcf8,3
27826924b6f977b2e87e0305b1f3e49f3561a4ca100d0714110df25733231f48,7
95af40cdc03c47132e1e83360c134d926782d00d5cbf364f4c5121a37d22aa0b,15
9546c59cfc0a7e38454fbc79722af84203e64475841fa318ffe44fdac0c9323a,6
34c37b132a252c875906e390e1a4d49873fe456a19a69e7688d41683d9c5ce0a,6
b4cc0745386ed321f1b5b7578ad37e4ec278464acae530394bf5b5e0cf7d587a,2
31bc43a6fdca7e4bfa5e57a545889d20bdf473fa9911c313362e1679f643d1ae,20
f598827e4d7ac7baa71261233f8d79cbd2a14badd6a0862edecd4a3054090d3a,15
a8d271368a9e81e17e93cd879ba042285a71a176ae24420dbfabb940869028fa,18
56b6e2518a5c1b59951a0d976e83bbc1c2acec1f1a47d83ad404c818bae243e0,3
8d4d1759d943322e83090973f5de9d51f79c361182536f5c28551d14a137ba1e,18
85799ff9ed7150d4651b31714f76b527f8ef9c81ddbef261166f20000965bf29,3
3d5e6bd0645b4948b9bdc30fe411461afbacc63b00b960120d98e9f91d7cd312,13
471dab9e61294470309bc116c3513909df96a0f02fabeb8a7ff4bfbbc25539ad,20
6638cc1b2aef000cd47c6de35a07d88461e031c72fdb3c7ecb31ac048c084aaa,14
c186e8e1fc39bbc20b1f72f27262e96758729f16e8f228cd0dcfb73d7e9fd2c1,3
0a0022874e71e12a246abf1af17938d210f07a91efb6ce759729eb152941ba65,16
8936c35a4fc605c0634674cdf2142a6d694f08a9092d84942af526e4ab75f9d0,13
d7b31289bf2891d3eba7ac4f66688a2a784d6c452c46f821434b6c28c193220e,2
a921b6a520ff72bc3297301f9f5082ed23fa4920bfa5c03269f654b8bad10a1b,10
049af8b5a5f80acc87620b387e913ac79a640d541908b795a67f1ac16ce6d9c9,4
9e977734c65229197c5cccc939b2ebdfdee3452d407d9a5e8b0f3e46e2e92cb7,1
5f954c7a0c146cf5c72d837ef32497b1e964c391b9c9331027cc2cda738b894d,7
d952663ebba9845542367f235d5643cfa7635f2664b98ca0ed9a353e7b5ebec7,16
526058514dbf8c512f3db09852f4d3c9f2f222ee6e6c292c1f3cad1d63cc93a8,4
dab907175eea2d098a1ef41dc864f5025badb24be420771b29aaf1d157dbc070,7
1600cdadb23a3e3ecb3d1ba6d644804222f31d1f7b4e5679894b9f0a04d5b597,14
7a9ba7e9523850a1a09df399125c0f758a9d697fe65522eda719e812389be255,4
b43d54d677646c71273f669e0db0b5dbf64e73f0549f34c4b669d5f0850d01a0,7
3ef9cf39e2597c8e23565373232991d1aa3358f9b1717f1d61544116f7cc999b,6
0f11c54d3f46a8aabf1c5b63c127b4c6a31ce5810771a99799fda396ef0b4445,15
29ca06106bed16546f94ce312f0d77fba78716c74d26d059d3b0d16911c087db,19
4b51eeab59a1b834082dcd75a67c8b7a041530e193f89e06e460fee6d2c31b8c,6
4cb1221eb330865fbab580e1fb854b9dbf911abb2c4970f62707702a2fc765e4,20
7cf59acd1688e4432144fbddb941f5caeba1855c8a09fde754064f19261f5f73,3
3215b2396313815ad4728ac7231ea95ff620b4c4726b4e3201c4aaa579691ed9,13
af4b745519002b6abd4ba7194192c87a1e398fb72816baf4f50bfa13813e7315,20
1a7033a720808aaa5629ba699ea960d2fe30cbb772c2333f94810232e0b86b99,9
4e99f47b79b39aaac7e472cd2a20deabe4d0a9aed35ece1229551b328fe49f87,7
32734a2ab7bb2c845dd9d888d5f00e10e71e24e7cd783d83fa41c53b437d6105,16
6e90dbae034dc1146ce1cfca56eb8f0f390c59bc26b7959c947bfe5249788783,18
89e8dc1358eeb7027868c09cf3cff5694a6f3217dc14cb8a31621d96a009f6de,18
7dde8d1ea969ed0096f7847b927049327e4f320c11fd8313e88c24db690be53b,14
7a5b8a5b64d5d041f71eca805c97279e1ca8f100fa42880086772d231cc48b66,1
a977290281f51c4189647be1b0296dc480a5722bd4d66ebbbe18cc8009596597,10
ab15b0c0a9e27be6ad544ae14a7b5a896fa0bfb04abd4b85b4a259a38ba4ff9f,17
80638be24fdc0709fd8a85a75727a54121e1fcc1f20dbc925cf40c4dd2e6aa11,8
c86754b196a89adbf389d89b61debe349b774d43a30b839ba29abae99e8028fa,11
facb6f0b6f8802de6937907570f3570669510ba53425f08b2a26363f87e9df14,5
9b45e9ae3b5d9761c4f0488c47922badc034b28a9d8e41f083f483a9c7f27cca,19
a7ea8ff090abc8ec8f07c5d850acd061efec3c4860b004ad55961df3ce99e383,18
3bb0af47c1c7eaa1793e5382d459c299722e7e0bf72b3d9af755073e0b175b06,10
ad69ac4f1824f4d508f3c34db5099f13bc7de0f26de07e9434b37488921d3186,7
b719e934b43ea613eb2e5a15a9170983ef065be51a35a18f9391ac2048ca2796,8
a11ac84eb41c1f2464b972fb3d478e7239601a1f24d3487dc0649151abe178be,2
8a5814c51d9202ffd95eb6af7b9582fa8632973ed90d429b8478265938cbc3ca,12
13166063759d5f92b6ad91e1c253d52bcb4c5d6eeae79bdf7bc05b45af5fe081,6
23b60c605982f9db1e66447ffc516f4892fd37002a731579156adf6065f1955b,11
b6a228f338fdb90700e8e9aebc6e49a55e9bbfdc1a71838e2f0912496d06e842,7
da43a3a10cd1aa5811707ac7e6a1ab50cf9e811a1d6327857b08544a5ae8f789,15
dbcf5cb4b95b46ecab106296a9dda74c6ea5ff3a1f5326c05b45a7f3d92f0265,1
b67e6e6c16ca578904b5aa5975cc5dd740b2b2c32623f810e82d39d05b3b3bde,4
b9dbea3bb5925715cb5d2f2180265c1b2664168725169b8ed6c2485a8d7a8409,12
02f2ec1459e892f2170b9aec4acf85a83c84f62d72e6e72ad7bf5f0c3944fab9,15
cc11f245bb74a3fcb763c32f25c5c1e88db88a58f928cbc4be679fc094fd3585,8
8b35743dba358b072840e6ef9b82b7e4a6e86c0773c0ef0fc59f42e8da455f2d,12
d27adb00afcb53bf9605fc2fdadd2eb2c87b8cbeb89b18c929be99a49de87a4d,3
1009e837d74a6e327ced3ac14bd96e9bd4ee3058630118fcce61a8ebb656caa3,7
50df9487e2e5b0fa145a05e4a67c0584e2e0b68d4b12ab48ee59a0ec63e59519,4
910decac22e6d8149239e3edd700b19cd6749c8e37b054f588818810e63416b0,11
09cf9ef1bd57ff1674a7cff92763278931a5be285bfe6571660920986fb24bee,7
bbb2f7cc24b267db32a1c3921a265b5f3011b32a17d6e05322f5867f0982b266,19
b409eff5f01e7b96e420d4b6ad308f2c72c63a09e4e3cae352a2c1faa5b79f57,18
0aef33d065e7ab7a5cb8a149ce4c4358f8d3bd359a9a8d9a191edb2b5a729614,15
9c2ca6228a590eae130e1ac99283f81d3de64944202d9ff2aa14093676199566,18
ac8c05a09116f0ed9239a45ce7f854be02c107ee0ac5a8744af81cce41d863cf,5
8bea15c896b75623506d1e336a76297cb7a19fa5c641dec1a343cf876eed1f7d,10
8868b1eecee23adb7de9c7e508fb3ca852b98e7fbef55950e45f835317b0b83e,16
8053af5bafa503917e48ad39a86ffb974a6a16d3f18b5fa8ba927e658379d6b4,12
e4de3e43fa83dffb867903d48f206108a2f1cd9882db392d9e8a8e72d8369fed,2
d55cbfea557882b7d118ddfc020f21668873505aa44897b86c3ea7b6ce57488a,14
3cf689ff8019e285e0952cf16d1a49d648e897703338ba74d4ed77466eb32236,9
9de8088f092f4df6281926a183784611a22a9772529a5df8eb9ae365fbed1b50,17
6c938a60b2da612a139ee54bc780d324e8be9f25eaad3be00690e51d38cbd8e3,8
caf058ebaa2fe5f47b5958633cbb82369bb71ed614020597d4ffb8f558453793,4
bfdd50be3b77473bf2b1d31116b35049f19687e304814fa3bd38b14dafb70968,13
8a19dec6beeaffc4c29531798bc50ec51d9e8094cf73b26a6798176cc8abe8f1,8
11c6c4287bdd1a6dbc76d48837b8666d6a7e7b19f6e2eea68a23c264ef684836,6
f0333d183a222fea6b2eb7af274b18f19c7f63b8041f8aeff0fb888f94c24e13,2
b149d484e4b5829075683a56e5654e6cf1d6b68efec157cd24c90ede18c71378,3
16b3130658f21eefb403f89d58c361d23026814e1eb8c5c0f1b85404bf11a538,6
3a66ca41d6b1690cae0fa7c47380cebc178c08e5e3bda64f43f32e76385b2c20,9
955a525239509def0c253dd61249e4d83c6355927fc26a0fbdd0f241052b366d,3
a7ae4039789b0076a9aa24bfc43e1f5adcc066f805a6a7db28d7d8a6dbc7be71,10
1a450ba76a9abc76b312891a6c1244134a3c264f7775b3b154c0657a04c87a6c,13
b15feec35f4a08349cd28a9670da45106471d210dc824cd7f613c25ed78e92a1,13
d7ad1a318cbeaa6d56543751f58c6ffddb37f77732c38a0aba8b9ba0326f97f5,8
9b972a9a0a08bb828ccddc3ca5a4eebf250e1a1ad88417b357b8adb619a91c07,4
7041ed1747f7b9e622e1ac8a0e79f40d8da16c318367208b058bfacac5a9bd5e,11
e68d7ca9cc8d97671b848347d2fa81fd35630b936aaf3d4fd4c76527c7e002a1,12
6240a4fc1e512ab85d4a02c960dbc8da2bba099afeba300ba5e3c772c3a97ae0,9
923901707badb01bd87b3fdbdfd8a8f01a1ea52e1379355581287ca9857e6a00,17
8487a8aba09ec681545d89b525caac9e44d8a8654fd0c0412555fd5aacbc3f76,15
b1e3e6fba099bedd16582f417099db055343c0f79a3034950d3e8e80cc176d45,9
c81effab3ef2a2cb5b37e86669d7ada6f0d072a84edbbbbaae56d2012f32831d,6
eccb5e5163a6f506a7eb3eec4f172ea3bfc1e61d5d61f2985afc13d5e026ab47,15
19df9a92a1ef0bea24fe3ee352e3033e7670a3574f6029ba5b6b808a41bf3df4,8
2ceb3be369ce82a4b9488fee33eb2ceae038898ab80d02e0d918b33d377cf618,18
ea83606c047bb505abb5c9cec2f76cc59b5abb7947210fc99fe20a1d8d83772a,9
204ff4f602bcc72b73eb8af0a94b9a33b39e4a4ada73648653d40b508e441d15,12
ca988efaf3659b4be743e1be16df82780ee7ab7fc247bce60839e838fea997cb,16
ccf646f0e3f2750cf5ea852917d1f459e65f9d0b95506ef304c7c7551ea75c24,7
b3672f0073dcffd618b9e2c548685215ffe574193ccf9de898bb376bafd73799,1
c2c9f3f4cffd6826d457e5fe3443c630b009c1ea4fec27df71e04ae5fc7fed84,3
1b922d597bbd1fc4dc8cc5a84fabb4eda427758c1c8081c56b51cbd3e32decac,7
03af4dbed0d632d17f0a41523068265af4b75297dd8b495d534bd2ab37c6d2e8,12
b024f3ffa3bcc69db2ac7b7fd5accfa4813c3b303a6f71b92017d55144931a5b,15
2f2f920fb1ffdf5d73faaf7a829cb80f48edf970c0d6bee9c9eadd7672909e35,4
e72f9bef6f5fe27027d23a526f8edc5f413e2aebec879bae3b973f432c19f39b,15
1f9cfba7666f02b0735989847690d315cf30a7029bb46837decfcb80eb4a9fa4,14
6b1fc7565e241f9a83b4add9e14274ad3bc720e7018243263023ffc45dd39c42,7
8dd3e09b75a4c21c91078868749e2bb49d36dce859269de3f9ac285c9f0a37fb,11
841fdadb79ad9e8378272d0cc4edae286923cc51601c52925d82b1674ce63922,5
1eb4408bce3864484c9fca144929798e71e6adc312e533cd31984e601766ff2f,2
42dc6e15db5c298ebbb54ba06b5f95486c0550418ef07674b43461a96e4a98ca,17
1fd6bcd0ee1dcead72b1936b5a8c734c5d93a191790a8ee1017a19122eb0e163,1
eea2c87a20dffb41c7f52f156f35dc93ee05893a96646322fdd19f649be57bdb,4
c480186f1af0bfb20c762ff3e0fd6ec17abb68b91f096e61a886fa9a98a52494,10
d0edda73bdb419a397b28871776ac1103ed4a449bb5d01d7602644baae1294f1,15
a8682c3c3d1c4a489a0d79d5be0c3c5830ee1a7be14037762b3e8765d7c03f63,9
c742bf11e0442dfd37d0ee994448310b8b652107c442849f0a37cf7b43e939a0,2
9733b0de4ee5a17927f32b1f266b30f1f43239eb5d7abad818921c1b5e51cb03,1
cdb718e00ef94f22f5549380926c6ee8396c16046fad7cb25792a51b9b0c0e9e,17
69d6672b7f620bdec8ad8e23fbce4b5398c714deef5375030610d307ca9cf761,14
907e9ec487e4acda47adcdc2f1d055d4ab80f81d812bcb473252b032f5e0a993,16
a926ad4464c516283fefa6e15b3d074d5a31144f6bf787e9bcf1dc7c844ff018,5
5e5a017f3f27ca3257d0ae71f435d5872e09cd69f32512ef4525da06204358ef,18
0f86b977972017765c30139931b1fd10fe56f81567dc2486f68733f8aaacbed9,4
6f490bbbbb523f17d974ab4514e8bb0460aa46bcf2b5bc8e2e91c76eb76d007c,19
20e9f3c646b1beda66a2a15f8c3c0ab067b6b9c611f476ea16d51df4478650e8,16
2fd8798058a9833f402adf5ca94ee575bbeff6dbf998f0d3ea313b6a57434eae,9
982883ea7a9716945ff5a24ed0db60b2fe1bbbb9344065d1c0dc409f81caa87a,6
ed06029fa4cd5402582de7d0a4ad456f57f924bae4b0b5c610d8eb83ebc46905,12
16363ec383679fc683e0012f2f727e7b7446500459abf5094dca3f72140e8dbc,16
c6ecf8238ac97770333bf81e7146a42da360df3b9cd3a85b265e09ca3e2c90d8,11
44e902fe3fb488262317c11dd4ef0f1209dbbd2344c33b1fa83861eacfe4f8ce,13
2f59b1c1dd710db39bddcf7b8f06cea24ad156b22178a18f8a752ed7494eb2ec,12
5dfb7c61f0b3002b8bebb17789ea5dc2c4059acfe656bbe7fe043ad68c31af59,6
eb854b72fe13b24a3c6b470c4ab8d2c6bb6f25a2ada1521f686606274fb0593f,17
1f15fa5a11c979266bd270eb3db33d3f560e1179940bc0050d5374b991e88a00,13
b371ca93f8835a872374f6c85198705f465d840e35eecb75c6900b6e910f7099,5
52fcac5557545bfc6a4b5dcb887155fbc7323d4a3047d9da946ab8ed51c6e3de,13
55b30ef915e688f243e1ca296d30b864bea4b774cd6188351d463fd1a88c596b,1
890ecc3542017c33642575afbf03f5eb8344557254ab5fa7aa2c634cf1b70523,8
86228541880c32810bac14575d243ade497b6275b87ec868bc6424cb11ebea75,12
3db86c5e9c425603dc13d37802e3fc0ebb82001939845c6310f2bceacaaba892,11
e4ef10460bd1f6ef462e7742fa0739933cbf4c26719d1c13100d30f5f0152681,12
511391b390b999e081f8ba086cd23f205a61b748e7c26e8e86ccb6a010b538a5,8
585b57701313c9de1cab491ea87f6311ba08b151098e30093bf53b56c5b03962,4
ea20eae62d02f577c6eb4ccbb9832d328f279fd38c86cac30a981da21998343b,19
83c4b71d3c4d9499cb5cfee67e9d4bcfd208446761392cf741022f6bd9419672,15
6246a771f92bac90c35346429075b70818f9395352a5cc182dddc7cb4975cdb6,15
8092f0c9af91a74404dc7d9280f1a1ae11340bd95b955b39dc760cee982496e5,20
50689f1e22d57d03cb14e93cc91fb96cfaba21eadb9831f9c0e8384d2a84b2f2,8
f30fa5895e69be086a36af5c7e231daf13cc46bff6c71c4fe5b7503560b2603a,9
b15f01e1ed7b617f4dcb463cabf77b334a0cb8b11082ca07c5d45ba3440fad26,18
94586ef6cdb65f9c85e2d717d4803f8eede5cef8be89af97398b0967f860679d,16
0bc7ac10e34e5a46efbf27bd547735a57fd93e7311535c8bb042005895679217,14
6df52984035da3d0470c079c1a7d3ed8e002d33cf041c0deb46c83fe106dc2c2,9
edf333bf611cc6096bac5d57e210777d395638eea970910af368618000fbaf3d,7
c2c1b364b233fc52a61b2377ad5a5e062fb4dba3fb1b65a98b830b1126b1d9a5,2
d4f8cd1769bf2e034b0c25ef63e5994bb23dfe82b4f3e716fcd7a85eb5d308c0,18
bac5f21da0cc9fc125d51e87553a2ee62b32afe6cf34ae343a4367ccc0d32936,3
8f275fb83a2fa7eeb35a07fc5bd5a6b9f03f6f21090b180197b68663ebe801a1,11
6b7154645cf07ece1b353f41651fea3e120f6f500aa31f678d08c17337817469,5
b8cba4870bd9498cd715fb445c2e280625c3e2b840bbc7230f4f300aca3012e8,10
f62225929a9732801b4ffd0a1ddd8a3843bb5e88b932c278d463a2b0ae5337ce,8
d629c83edf8fd993914c9649a1552dd3d0f2ce1562fc3100ea0bbab64a621fd1,13
b4e5b588ccad51cef0e7d4f6b5faba6f1ded0b3d228cd295555e6b26cfc39f87,19
671a5ff76b922757acae10f9bf83b06db31441d74e1c6660ad3e24277b1b25dd,10
10146db538dd0de32e7c9047f19847dcdd460f9de5325f10ffcbae0652d29cf6,2
ed4fdd02c532f53d557a19024a7d1e5beee14878d1da445f7e20d6fb92efbca7,20
c75382db4d6fd9b62d2c0d79bb992349d1fffda8d6ecd355da7c9eb11e6119cf,6
d15983934c4c8120844b3876417031e26d8394c610b001bbb055782db67f72f9,1
165310d02b9d051388bc786b0d386fe9407402027030ab5bc56b992adc442a2c,13
4274b192dbf85aba23ab7db41f84004c87e68065eebf60879d1195c231f32e4e,4
9ec6f9d71f0156e761efa445b255f3895bd574a2bfd85ad59b23b528a559da82,18
e04ed3ce962423399da7f6643fa5b672cea4948f987c7c3dd71c7254c326b658,13
1789e168929608575b8f66762098b78f50ba238a158637b50043abd7ecbd5197,14
0edf0f31bb2b92e100facc93a7a0789af10aa862f68a97f6b1f4fc6f2cc1afc4,19
517487b6b45213c46e3afbccd8837c070e7e123670f5de3a8a733859e33708c0,19
bf1717b1972ee215e9120ee535ff9dcea48fd1e56cee7139905e09ac0491093f,5
86f8990bebaf390fe811872ca07656e716eaa8c8bc81ebe0397fc943cb29baeb,18
ad3562d48def8d5dcd907b5abb656aa63747165c33cd626f628217b32a1116f6,15
8886344383c61da51e849de64c69fe10dc4504cfc5038b0d18e015c37a931635,9
d07dc676cf14330393df11c32e9268e3d62fe217fd4d5eac441b57d64e88edbe,7
4bfb0b365534b104d02d6ed2799bc6a66351619af43aa1fc3d918008be7c2b59,2
7ab2d2d29090f482d2779deb3211dd6fad550f883269a94b96f169d3c86ed8fa,15
fd7813a04d983ad0dee872b51faae353ccaf1ff1827a93d2cf26dc2e3dbd6146,15
cdf7f7b79abb96ab167a273ffe9c525ae9693e6ac9ecb937e03ee2a4b3ccbcc5,3
34239fb932ac707d962299c8b4c0eaea48a834d597dd24355747eafee0c1948c,9
0798d7fdd079742ad59b659c119a7b4a4c2bd4ad7f53f7b21c5ac2c690a11958,17
b0ffdb2e0f10e16387aecf1ded7384478a42eeebd624bc7efb1a4c8e95510630,10
8fe2a3123e095cad6d328b99ba1fd55702f07291fe650ffb2e7db7f685fe7065,19
211f6a46d730a7f4e69494e12e5f93e39819683e68d542ad0735af167723d7ec,18
a5b25f1da15b314f40fcf90e59feb9f56ce16e6caf27935c30cca862f3060104,19
e6ce61a8b5e299be73c7bdf2b3d58f9eb7dc4587560385b217f4e8d773b829aa,4
f53c3913ce26e3c99c9f9a4536c28ebce8d68f8fe8c28840129ca9f4423ef9bb,20
e97c8fe70d5c9eec10cd755061aad376a3bff1163f41cfebc8b2e00f8574288e,4
ca211f8448fd1331dce5e0b40289657b0ba8aeb66bf3a109f6fc09afdab1c5ca,17
3e045a7911cd5e8e8a215f90b8e1c4242a407dea439660f9be1887a9c1f8be82,6
7bcf95512f0ac4bea019488015c5c701de6c3bdd5b0cec1f4ea8f5b86f44f058,6
771636cdd125d13baccf76622c09c55ddae466562c40a8a637e7079644c76622,9
b89daa0a9d93ae1465556e339f7bd7be0553c052e3f56b0d719fe817276e3e4c,8
ccc9a1a027f8214aeb2c672bedf83281008aeea84e5045344468e7215134869b,10
ea6bc9ef2e6e77f5a7570a3ad14e2a82efb58cd4cdbbacc5d2ed68d1869cdc6e,20
cdc3b816e6f9a30ed3cdd252d093bc9cc92310626ddfd8104a2cf04513d81382,5
4872bb5732a318f94efea922a7689c74ac7e368ef669dc132d10d759e4c7634e,6
2914a548de4fed388ae00c5f356f66361ad6bbfe81c5709ed93b2d77acfb0a50,6
7915c3721ae1b34f91e142ad7cd9d55287de7bad0f65ef88e2567ed944dca4bb,3
08ecceb392105000c2f6450ba1b9fab5406d66c538d990aa5d60e384a52a7fde,20
377709446157b164384050df55fe9dc17987fc269173a1079f4a2bc70f4b1af6,20
1a5b067c24f0a9ba866f6af7b7c4b4efd2c94fe559aca23424eee4add5477458,8
c6d7943ed6f1d658dc7151fdf3c11b173902455cdd50773988fbf270c3836917,10
37e284070e0000aea38bb6773dd5cfa6d99e9d1e97a1f179b1b9caeab4c8b369,9
a2009a4c9b69f9717b275d856069a8ee9ae4d388cc23926b30699986455b5359,10
ddcb70a6e711815b2618244bbc530864ac795759a1ef8c44ad55d2b3316be2b1,1
f6d7ff8103a4c4acca2a89f6c47388ae2da4d8a9c01ce6e7ac4464f5cf0a5451,13
67228ce37ce4981dffb8e3c3d3b47b3abb1f8d6bfb2f0303f25bc46df67fd98e,19
4416e83ffd1016f68aeb116c5f28f816ae431d8ed5dc5a62ac5da00262f0a4ad,13
16b9983aa26d726997209f851d7d315c55a0e4df763b3ccdad355131bd894d51,10
d948c5a445e91351709081f6858e9c309b488fa90acde895578b32a93d765120,16
997b7d28a1203af6882048df70cc2648d0092217385adb090edf3bae21143e41,6
bf3ab6755063e6735b5623ddc4ddc3af4242697ed41b9271ade9011adfb373b6,12
51be43bb8da3c806b45b676a300a845997fe2c75549e4abc0034e161d390513b,7
928fef62317478ad195d88f6f40c5cac713c21c19a3aa4843fdf380f7362fab1,14
e25e717e2fc00bdc5f62681358104dd59276597cd3537c1d4a825628973e44f2,1
e92aae8edbbd7d948ddd93e1a165d3db1289c1aca7a8680acb072d89b0ea9fbc,13
fc66e88adb0d5774a7f61aa49ffca09bbdc0b6ec9adaa028725cfc302bbf8bda,19
b54de91d3d1bdf9008df984b3fc1df2bde2877260a2856c9c0e213feb652f302,11
502517b2e7dbb7c658965a11ef760d6e68d177cacd7741174e9ccbee9ec7009a,17
314ced7d7292a548025f4517386db900173e5ec4df0f5c234ee6a1c563e77a3a,17
1d9822f638a7f1514f827838dbe678e805093c10e8aab1629f75f43e97a5b490,18
2813280e76d7d173c2696857d6c7b5eeff499665d9dc622d25f9aafffe0c6015,5
5ebcff7f8aa882ce8cd68774b5326b13bb073fb3095bd7e777366de8dfc402e5,9
9429551fe687c114710c2e7d9033c0d52680510c7edb1d2a7ed44a2e5f698f66,10
45a9162ad355d51f75a531fc1c9b4907c5b01a5dbe3c83fc0d260b60e9c8ff9e,18
548c1c470bccb1a98dba6b55a1b8c5742df9a939aef4d4531b53584912e47731,1
9428c1760300e9f34d9847313b472aee4e906748aa8ee3bb861e9975b419172e,14
628b0f3e555e2ba6d2f6893a5ec3691217434c2986c179a6a203889338b579f1,9
11409fa52787d32216276bbbeb126689a661f267d837712e444d43d04a086b1b,10
00d7891ada1de183479d3a5f32e9b912d424a8acf1346377dcae7efeab35830c,20
4d9eb7601a337e3e32ecc56b8774d2f7947c040d71e9a3987358398c7d22c7ce,7
7817e7846e07b59ea5551bda03d0407c030f144ceeede24f05325f628ed14143,16
c31e4cec3dba871deb425bba28abbe4e1c9566b4500c17519abdaab2061d9e00,15
9a14131ec664ec66712b68b08448cc11fa3d439d0af22487a390b36444747cfb,6
c1da8dcf6b1183c60174244da83a1deab0de1bfd58e51293aac64a620ba83d44,7
18440e8282cf5139a3a2080ffc296e225788e0376ab082bde9e6c24ece874901,2
6adc6ef1f888582010a182c5d811fe49fc55e8efbec23b9b9f004cf7288fd53a,6
7d649b909c419ac231830242e4be49cab901ab1cc12d00941c2e75dd36683189,5
eacdfa3bfb546f7c64f06b7a16fdc8c078b7713fd32b039b81a94817d0ba8258,12
67d8dbd9533ec570ec30558a69309a7b55dadee0c0a26ed2d4e14276aac1556c,14
c0a28bddeb39f2c1a020741d5180222725c8c369ea9893283ae6b2db5d3bdc3a,4
61d2bba4c7be7d9beb132a52215aa0784bdaf973abfa054b34f8c8b142a3a8fd,4
d614d5975ebcb7df237e632fe4f965ed77914bfba51caaa87c723def0fe923cd,18
b3ec932d5cbee7849c865a9ac1c72ca65b446ef49da04100e4ddeb427e3f9b03,9
71ac29aa7d7f88aaf2f4c2b7ca0b4a531bba472d56bb3463a30138e51359670e,10
8cd063ac8e8736ffca8cf3f667db23c7745cb42acfd6709f9a951b01a6beebcd,8
a1e9e546d68fff91dca55af924561492a65a2b02313a89288d738707ea8ac5ba,3
516c0fc8bf8068d78e9ca12cc31d558e3f36fb0b73eacece352f36a1647aeedd,4
b234b866d53920b648323cc7e69dd67efab638ea132308dabc602ae9043e0568,11
3131973622f71356dfd374d572a0f770f6850bbdb6384df430e018e73f799c4e,5
6352555f45cf443e2943ce7a1aa7b19ebcc59d06d7f60f48f0d1de0a1799b23d,7
38396d4fe70461ce91edc36e77e874b302811c580379808a5fae2a6ef907d62a,8
17ca5270265d5df394a5a51ed7072114e475b4bf7d755ec071ab8adbbcb5b0e8,2
5b28b3074d70cada3db943045d6104cee6f6c79c1b279d4d6d622030bf36b0ca,6
7fbf5a51bd4ad9dd8cfa1a5907378a7a5608e850979817e7b14092e3c18539bc,9
79921a8e15227519779b0749388f310e14c1546d5edcd2330732edf1cd773967,7
8e6c39b3de95d22c103fce101a7d626a0b514beac256bc79444b648463b68b7e,15
ff21f7987b56087b4383ee238b1bf3ecbdc24282313e70275b2036ede072b6eb,19
d2a03cb3a1dd8468050ecef00bcd4283733489b7a0ac3f96438055ea091f6b7e,1
bf120c14e7bc18ea341ccbfab4123a0ddfcd6caed786d4504083225c52f3a645,13
032ad05206dcef1ecc390068421855654396d1cf40c7123f124b65cd0bdf721d,9
39ed3c2ffed8ff63cfa16d1e3696acbbd53b353b474bf5b9195dadb48106040d,20
36bd779855151376db5074d79b5e3db891c4c7d617d87bdd92be1c0ba4d320ad,20
f88aa21df3c33016e4d11f9a06195dc1904e3c2cb9861a101617ba7cbd40f5dd,18
3328e359ff5bc407c55dc5dd4e5f71616e176095322b0e8aa0c11cb297233e34,16
9fc7f85277b9fd6595ee216e7dc62b8892b512ad3b0f0d3d6d95070a44aafc7d,5
d2828d02f53c7cc76978290869a884be16cc8c7f75668ddbb5c7b2993770fe56,1
1274e18d140e60b20cef98eadc7f59479c4bded1b7441f07a740a3fbd1e52fae,19
5c533bb18de3f05b3c320acbd86ad6b929b4d217d2c296efd03f3519c6b15772,2
3d128aa8535bb2341be224ffbca8977cf6bf903df0411ee1489707d0d97e0790,9
32f263a0c391b18186e3cde4ca483e21a4c21005b2fa9c9a9167c1137f23f9c9,7
e71a2656daeea7f3e60c2f61c78b51f798642270eb48aa70645d7e9718ca69f3,17
415dec0e36998f606a65aa93e2df29daa485f52f0a9e31f5bd5c754fe7066dcd,7
8d74994af16de443544d4af5f42b38ccd348636bfc388b60ca2b68aa9f5b74e3,16
0caccfccf2e799799a43d18df5c3d7663fe291aa64ece9f8290a02d481e423cd,4
3388731834d17e841c4ff2c663c70a9cd1fdd629b8b47824af2c835de51e5c5a,20
56299e0a482d0aab920399a9f5e75c3f1643e9e2ee274c255a6d067924d3f5dd,10
871352ff7b833e7329dd83197777994bd5a37dea61c118a387f8368552d4d044,4
7892d5469142d885279da801810e268000027ff3d294760bb493b1f1b927208d,2
fd4979f3d1870ba1fdbd5e8fe686562f42660bfa89e215d3eb06851f0eec018a,14
bbb899bfc1f0bf29ba6c0a91b7eaa3474fb0f70131af373176a9672bf3ae13f8,5
c3cc1042cf5798c7e661c3382c4cafd5d9b79567bf4f00bc1346f4f96724f1b2,8
bc23f76874f3550bd8b68f509831627d9491d6c55717b1aa9e5cc925b7d2f47f,6
930a229829ec147c29242ab337da98661bab566fae4dde29365fbaa338775037,16
0f7087b086d3cc35d2bd88989e5e973814df373084f255ee3ca21a76545d6a7b,8
94e8a5435747dde2686a52b88b09e18009788cce61facd52960361ad8eef2e5d,10
04787ef1d59c300d410c74b6940b4b1633d380de743f32afedd9a2db09c1d2c5,9
a1382d9b2dc8d04b1152307003a45dab099ba64b471b0cc6f447aecf155d3a07,3
e7a9bd62aff187d0b7005429d14b54111b2419713bd84e4947080d5a9500565f,8
cad8a955fd7e80dcf58a84d743b9a8d4a5d12db54ec7540f4890330558454930,18
6121f5287699bebce421e4c390b5ea1a53c145e54497fab4d7744e1aaa9aad5a,20
91f680433461a5b88d84b2e0b91638704bf5d54c02c58566089abed6b2889e9d,4
a448140cd01241929e1e3321c3d349449810318953b068ca6e8ef857867c6d14,13
7b853b06c8f6ad93bafa0f46f7724a393461db7193eb56c502832c3472359542,4
5f2d9835c3f23fea8db4857ddfc3283c006a111704516fc549d2194171ad142e,20
de48a5bc657383f7a7435cf4a070ec99b55f96ce898e56e44d68652aebad6933,12
b8a7ed39662e143a0b744f9f60db2e3441483c9cf79a36d17a61174a4e283092,5
38dffa53db0c1a0a7b8b3723fd126da9dc6af4d3fd1f6e4aa7f26a14bccded6c,14
be83b9aca98ea4ae6380be243470a31161bf81a53c930bdacbfcb621a42adb5c,17
d9a09c32f55bc932d3786ba21d787b9ace180162c96ba82d9cf44fbbbf29f995,16
5cb8748a77feb6947ef83beda3acb61a3ff180624c110a6c88f762f4e33dc78c,9
251821137671db0788dc1e0cabac732504b0cce27c76474db70b6399fdd89eb9,13
3b6e9d7c7c57131cee21854edfb5651ae0a49716a78102ab6caba7f54d0661b4,16
4753b519779cd76345c7d6eaf4bc68cf60b855808312b01549e6fb684c457dd2,9
582015a233152a0069c240f7516429b20ebb52628f87d45275b5902ea2c3a95c,15
2f22dbfb0bfcb60155712a14afeefd969afa2408156e807af87ecee85754ee89,16
25081ac8acc8b7f12b831872777a7763161010da14da272651734c198b87d4e1,9
b3e5142dcec6ad49e203c31c4c584d4b844e86bbc9b9a63fdab09ade875a5e70,8
b55da4ba508bd52be9d21f1580bf7297e007bf5011ee531749be82fd8f7d6f32,11
0a63287e19653a19f3b06b38fa7d5a02aba3ff0a682959205d52feb2c770fc34,4
57b4dd9302a68335b32ddf9eb8dd19c971a574b51051984c08cbd946f4c4d4e4,7
cc162649dc22c7e4fa2b10983f75be8c898fe5a44a4f9b313e5505abdbd7aedc,10
9184811168e1d328a083e99eadb0ae16fb1696c2faf1066f333dce2e64ccb0bf,8
4cd0a9228de30e163039c98189412b501be4cbbe822b1003e8386cd08cfd441e,15
1942beadf57bdcc65afe97d31758f4cf00cdde944ff4650558f9858f806bb9b5,4
00563c4f265c4707b4441da7272d733082f2dbb82e7fe71f295ccce113adae21,9
c70681ab2a25d5df83964d270ce1a8b78620d295885f41086b83382ca96f21a1,18
59bf2919dc20de0cbd5edc859a879b8950200a7365b3c86c86022c144918f8d2,19
0fa2e591d02c5c3309473ccc048a806a8040610314a82e3ecd6edc67da1d5ed6,13
54479df28954f9e2ad1f42e5e12e6e50f701604f41601431ace66d3f0282a4eb,10
d038e74b8d0a1d196a2035675bffea177785fd3fee1ec02c16391dd657acf967,6
dfea74753b96c0375a5e572e174b6ace69c579c14852cc113f89d46e12521347,10
99f8b6bfc85975fa979e201b8ba45a3428e80e01aa96614282945698eff090d6,8
29e041f367e0ee11b79a4358634660fb1df0c824f1313aa8ee3c6fbcbedfa2fb,7
6db0ad2bc2eb709d7ed67a6a7e19527134e04f65f18fa2adb60d02417a92a0cd,7
a02f502425f8206e206d81b0c3aed89a81515191834887d6caf3cdc221114aa9,1
3b5b666248cea90b3728b4dea483316f7ad4fe3b781980e60f612b150a37ccef,10
a7cd5306cf02ab34cae1bd4a2d715f8e10003236cec5b133a1a74161973ac7bf,2
81390e92f3610e46732f780faa5190f66d59ce46738a25ae6d59cc3dfb014c26,18
aa12343b72c74c1bfb8b46af55522e60b033357669d6ebfd89699cf56c156a6e,6
3f86f54d860df751b395635b6d5aa70851b5905b2b42aedc95f43da72fb56377,16
3cbe1115bbf7f34f40931917272b31112ebc4aa955bde98fe3dc233336d8933b,10
4a1cebefb073d75c0b2e0d7051327ad80e31ddfa660fd368044ae2c3cbe9825f,13
ae16015e730d6cde114d6bc0215e739f59574d163061d100d7199a6051a8d812,14
8d37c70649959254b192befc3ff2d5dbf8a66ce4c6139a1855051451522c8786,4
70e238ac9cbbf6a9be96caf1fa61ffd729f645e8e838cb4943e4d8973847ff0c,10
6ca2495d7c4bcd6fd2d8dd8da02df429307849c09a80d1d0991c2519c97aa7db,6
734ecbefb68047f1540b63eb44e927b9ff8faf16ab8656a339a76ceef8863e63,13
eede6edd9757d5314c300db272cbb188c5ef136dfa0a92155b4a16b4f57e8738,2
dc4ff11b0c19647de1db73532f33e3e8a8a2a899ff8ca111103a93ce1b422e98,8
74d49304b32ebca887bc567736f75cb96a6a3322190186b032f5db92433ce7e8,11
bcdcc30fecc04eed460c95fa8a7c63c340761b0a9c687267e0278c7bf508e448,15
95a41ee032a3be52b41b5376e99e0bb520273959e9f29d52d5151e87eba46c9a,4
797e517916b87ebacb466ecd7f2048dd48b5ccf7227fca2ff6897fb869260262,8
c6f868d6300a2d6a396bdbf1167f20457d3314d2624d158afc9c92131d336021,18
eb04c144af09b93b94d0a44511025325d5452627d81c05af1d4cfa37bfcda79e,12
0f57cffced7aef1981dc5943ec90a058ad1b33f0929092f5293687b3526af76f,14
688a656e5a9ad0c95e3ad4834dc399c6eeff266473b200ae596ac9ecfe5b15fd,16
eb90698315b6eaf63bbb05d4c3f736164ed5407d2ca752e56aa085e45c22ef34,11
da323c607a968f5b671b2b34632ef0b586924b4c15dcefa87ce7294a43f1062b,19
22734fd57df74740203bc456d94c22ee2cf8d3c20dfeaa408e642ab0b4339c97,6
c700d5974f30c5ccc88415683d5427509269128844bfaa27e4ebb50252dbae74,4
aed4d8d510f83042207191fef34ec5ac27f1e9dac1817f5b93bdae9ad55642b7,4
6ae188fab71999b3d1961bca29920b8042ff049711dbef42e58a5f7b1edb37eb,2
756c180d5839d685a5178f0f18f650c50b337846d5f520da6d15c0974914ecdc,7
792b2d39a53e2aacb7eca637e71f0ba3b249fdef648d3e9f802a1ac27a62d1ce,20
995425fa1387e9724f910115886c461b1824d45e2d7e3a103920f34f0dcea5df,17
142df003593f792595eba47a682b90469f446ef2f7bacddd5b953c07256de626,16
243987771d7bf5b6e9e12234d4e94b66d80fe3a463c5b2e29beee82ca5465610,14
e7f39d37f0bce29be26b9131949b30d42c8714c03c6578c6745d97243a14955a,8
63d5c468d76fc419c273a6eb3d7efd0dbd1fb3dd8bd110a565beadd532bf73f3,4
0fa606cffba176f509f5e4d06c618513b556dfdb6a2c2457061ac28d316d24b5,14
ece59b83301060fefd12eb78476f8dd3cce6cd24747ee3cb8e4810d08839885d,2
28eb8f973e66745205208c2bd1dc0f354500544e89cbaa3d52b43b461ded70f7,19
88a71dd57ce16a3eb52bc14b500c35e666c6ee61224411fa914815ab1c02684e,2
4d3930f4257954b8ba5318195fccfaec7cca32460733ba3ca36d26420d5cde46,11
324c2d315d7fc212a0bb773da205cacf30fb4e1930696947cae7b5f9a9748249,15
eb58204348709d6952720d0e14ade0180bfb35fa16ac59e42a4e63abfdae6366,9
480535277a04651391d9e2a4d720d7a5b1bfd73fe7a7131c24a04d1bca845ce3,3
6a3f1db72ccde8314161b8aebbef7f9f71902e36178fa377c4aa438693253149,17
dc62bb7a1e78635f6a5d800662236aaf8c7376ae75c45ebba221b9114ea9ca85,4
724e2ad744505440dc800f32f07602e57a3798a6d929e7b4ee713a4c5058e58d,9
593d7d3e1d38975bd0989c2d187169b66dedf348751874a578dbdfa05a4eedf6,9
14f7696e325f1b39aa9fb7ab5c4afd6cdc8c979a5de145348eec503c163084ba,8
67ed010b1ad77b576622a425ad7a7a6373c1530a2eaba0474f435a93f455121a,19
07f567461517a226248d8203c13d67e025fa317e4b1f76ecace02cd4c07bf26b,20
28d5ea9909a96b4a52f15a37207d754658a9d636bf56f47f0bf73349c2b31a58,4
939c2e28427d17209ab36c65aaeee43754b35c1bdf7af866ec00c3dd9c144b25,19
2503ec108a9ce8b213fdb14bd13bfe5abab298092d7ec31a934307f8dfbd5cba,6
095849aac7d64d83c1ddd04ec524485e2ed50f2747e00d167e3b69611f91df4f,1
87c7bb5927f867ca3c36447d95c009bdd4d89386697ebdf7dc986976c5a38115,12
38afe18f893f221bcbbca080db59ae6b64ef1337d3dfc72053742e1a5ffce609,4
f778c3dc001701867cb5ea59ef357470c72a6a9b98e314f82ceb6a2e65da4ea8,15
c4f81cfbffafa2500923d8d9b1a57d5188486e38491cae37cc6e290fa579d9a5,8
92bfc68b52fa44e0a7d35bdc6c3785ff46cbd5c4768a2c25a080e20f65281478,6
f5d28315b2653d32d17da61979bba8b58dd1cf1671f0090e28109f0fb57b00d0,7
a256855ae6df62ca3fa2bc88157fb510b64049a7388101a48103914dcd0c510b,10
ced83eb66b3192e9fff6cb8c7a43f18827d25b4e238ccadee3cc261bc460c5ba,3
af8f27dada7a2f555031b54a9b8bb87abad6cfc22d18fae7b8e35d4be7d61a91,18
a7d00335116eb75b3ea829bc23385134f05eb1af4832df588b3bb9ba45c7aebd,11
85d126d9e3a1c66a15d27b4dad5737f7c0430b48ee8368998d1786769849fc0e,13
a08f31afe5d7f215449977345f495afd8993b7203d7c1bb729aec0de3b3a1b11,11
56d937bead51f6f39f4ef7a3f23ed41d618d97f75061747198cfbd81974852c9,1
032e23975bd80eed0a947c6302b1922a9761c2b8e06d1589d4cc2f704d572659,11
89523c31b5afde89bc6e5f92a0765c61406d70e85d5b3b882bc873b1ea52b082,5
5952d87040ad713116a428047975044b399e5d48e55f83a17cd8830c333ea049,1
5f29de0d7f6828d9387fa48e4fcff69b9f165c3262aaf2f9a886a3672976a1f3,9
d41da2d757b289a0d4c1df1b3ca8570b28b05955a276b284a2b39363030c427b,10
ff30a65a3488190d9cb810db59bd9ba058e9b2c3d14dfc95b75167ee158ba69e,11
65cf01262bc273ea4529e87abb3256f1be6d3f5b49df51651d4792714a5ddcf7,7
a4ba8994a4e0176cb6775e6741905ef5a9b749b69825c1708bfd47f3678f1e3e,19
bf80b09dfc07601a8b0d38ef806da89856cce9fded669a82b5b6cc1a35018abf,16
6abbc9242a93e17b462e11995f2ec5ff37e1c9a5ee27f2fbdd1e94f8f968d6ae,5
57125029bed61a3b9320bc0ba49c08262be24011a01ba5db49c9d1b111beea5b,5
ce9f1252a3bca84d6dbbfe767a7f176dd29f28cbdfda143d39cadf47afb92448,1
2f7508284ca4bb2063faf4891698ef573d5e0f6d00438b5e9213c2079f4ebe81,4
f356a068478815fe5c5fb0cd3013856f5abbdd8cea8ad2dc0ed49034a20b3887,2
c732b829e2c12ed7f192a35516e6b64eba6241154aa5add40d5f0239a6c936bd,16
46633498616e8a7a8d86119ae851ee38fb9656f5323e3c52b0c49ab3700fe49a,4
de74fab7254a01501e0c368852398079a4fbec261d7803b42d7ef65d9e32e5c2,16
3b2ca7f6ba71996f98e10e3b922969f7d9ad4dcfc1eeb6e4da8a4bf54497d445,6
56e569a321878d1fa9956581d812ae4f13f1d3e75ce549a8cf9bb588815c512a,6
7c62b7467c8a723a09d67737fcfb82b79bd240be63841c76dd36e8eaf84cb2a8,2
67dcd0bbff80fd541f9bbf02d3093aafdc2598730b0e7cc528b1243b320b7c54,5
6f281c6f985bf8c62d5cfd05d68e06fb6d7d86cc2df33cb0c9680d9a89a5522e,4
6e1fc20cb21c0f8d3796f58f64dd190d414cd4d96360b67077c609f6851e05d2,1
db2d7c7bdcdb9d206a821aa196bf9795c30294b3d63196a66afe6054c0a76607,19
5a8a2a354214cf8922c2f3655841b261f6d4a928cbbb3623c29d8494e5a6aa64,4
e3e2e825d816c22eeee0edfa978ff1d9a2c2f493864c531b484de310ff680c40,6
ebc97cac7961a0dbb0e606e9bdc38b873a577fc082ff16d81e1537d0fd9f68ef,16
9dc0a18e8e584b8d4ca7d4aca5f2ad2d42af05d4adebdb2024c32ff03fee33c7,6
3ab547ec4b960f8199a080819f7f2dde7d59a7f9f55800a9ed789960df4d65bc,11
9de6311e8ff3a8904af26a2aaa23012ae3012afa58331a0374062a28f6538b26,7
953595ffa22e760a8e423ed0de134cf5e27e9c0c4ad44cde6ae4de9388377918,17
4964262cd5eebc1dcd06f656b1021ca87ffc3cedf5e98d9bf526a1dd4006c349,5
3d178160718fcf77be9e1245fa1cb6e384fdf417d82ad0bb29939d23c10b60f7,7
71b12ab59eab2a1251797005877b37b2dfa5a0aed6546510a86b7b04323ccc8e,6
a854eb3f672f1ed7f2269da621b4deb848e1d66e5ad341c729181909a9408c21,2
4821d28f8df96cb911cb71c0e12472964967d789cda5e280213049aa8591cea4,8
797d9410cb076c0a30dfa90d38ec852371b35b8f53c36946c0ed1ef10185fd7c,1
f22b793ed02309749f84bb891700ae4efaae0cfe72955fa230da5cc23a1bece8,2
41751f51778a87712ab6918b5d002da32f5d3ce8f668a95b5004fb41fcb53b4b,6
6d220b2c29761b2715b3f84133db2365cb3347c9e43f48bade1105587cfd1c57,12
b333e817b3cc297dd072cbee2f80c9c539bae1d134e57675d61a5b290751af1e,16
d48a451372efd72a76660e72dbcf4ce6ce09725e9fa7aae76ea07bfa9261b7b9,5
8a3e4552af39917756ae65fdcb2dfa3112391deeeb93982ade88b6255a1b3330,8
792206418d1d44da430f232eb968bcde451572ffe02ee80936762168ff569aff,4
43f0f123b9f6d71939d92e67bf902ed8829aaae3a660d66c64d62b0a9828a77d,10
2074e917149883241265fb1398fce999585967c4eec026f8a26ba2f5986455fc,13
aa1104adb16db06bf70875170bf3d49f74b06c9027cdc4c00d8462213aa8f92d,3
db634afeae9ad48d72f85d4da78dcd7329c72ffd6746f814699e19bf8654d364,20
ab1218202f19d09648e2739cd324a84cb54dd08ae1eb1bf1b9fbfb6e5b3f0059,4
55ec72c1385f6459cf51f2af7b14b18ed44a51169803a1ea694400727c586949,19
cb194b5ea2821bf286cb6ceb7e3bae64c169a1c3b5015debc6ada85a1ac3b80e,15
d61ed75785fbbf364965d83391edd0d0bfbce7641066cdebf63a9fe811232eed,14
5f4967f92f8309a9500a47a93a074f833182095b8a982bcc12ab39dc218eba6a,14
8fa6a2d2334481bfc04a0cd9c427079e7ccd7c6c0082f096cf31edfc6895c49e,18
74f46c56b962bd77fc03194006ad82f7c706b319ad40e0b3f4b23ab25cbe8795,4
32eb1bf5d78359f218a2c6e29c6c249366aa0b8baf0f73f1fb6b3fb2ff4e21ff,5
bdd8f7b085ee3d047c36ca976ccf31649eaffd64388147c7d9e3b60377a22f04,15
0eaffd6f8146b25d4f93854e401a51f81f21a53d7b21e2dcef9f3ee21cdea49e,17
30dee6280260324f5c68a1865ff93ff8b1e547f57fc4bc53aa5a83ff16b77f25,12
a45f593f08851716fbf31e11cf68daabc1069b60b062588317bc7a5565f28ac9,15
865f8997584e09df7e8a1145ed21c966e31313e9dac7f39b156d7ba2a5a46b16,1
3440e3680681ac78ede5e3d382b75f47fa1f0e4056a17677121e10a8b9a4ccef,5
48547c2423b5335f7fed72e2b6d2b0f67a1aa11ab34d74ee37e099db0e4a9284,6
2a6d57a6bedb0550d0324e1398cbac2255bb7711048bd8567e13be958b2ffeb7,5
a3b2fdd51095502d934bc9cd94113587b69f174c7cbc0c7d9bae4a9bc0ea07d4,19
323e199ebd5099d2ca9e725d57a5158ce9f6ab7e8715a8bfa1c490e993c6644f,14
397985b265e25144b459481082291c52fc43de4b23ea13b6eef443126fc46935,7
55ff2c1cef3cddbe149e04cf60bf3152bd0792ec81bfd62362865a24c8ffadff,14
2006e99e9f72094cec5ee3e162fb6705fc23dd019e71c9612c4db53785dac0ae,20
1c5c6befa445e23cbe1f22d525ef8b306cbd4cc7f41b1afab0157a0b5150bd83,6
24be9e8abab5ae913cc39dec9e52e052659ad49e4a22ba17e5ca77dae815f20b,10
ed7823b7c1231887268c55b5604e023fc403f4abba7c47c2e09c46c0c671b5d9,8
3fb546e62586b0f03b46d2512b4ab8e6b07aaca7924c2f195b3c56c26a0ae71e,13
6fb6e7c590deae50d18273eb0aeb02fb7d4b2c55df5fbd5d4eb49960470759bc,9
6fb790d18c1abfd4201e3d1ea1c58ae6ca51252ad16066820533ef0ab270d704,16
aa51b8607e0ab0a9cfc09195adc7851393d5ec315b32302ab2e6d60c45b2c12f,5
4a142ca9e2db09768cb570c7c1fa40c4de2bfe8ce85d3a9ad3879db7fecc493e,11
e4128fd48a2b75451d8a74a4564fd07cc04ef64a3b2bb15b584865f68f849edb,18
